days_data,Afghanistan,Albania,Algeria,Andorra,Angola,Anguilla,Antigua_and_Barbuda,Argentina,Armenia,Aruba,Australia,Austria,Azerbaijan,Bahamas,Bahrain,Bangladesh,Barbados,Belarus,Belgium,Belize,Benin,Bermuda,Bhutan,Bolivia,"Bonaire, Saint Eustatius and Saba",Bosnia_and_Herzegovina,Botswana,Brazil,British_Virgin_Islands,Brunei_Darussalam,Bulgaria,Burkina_Faso,Burundi,Cambodia,Cameroon,Canada,Cape_Verde,Cases_on_an_international_conveyance_Japan,Cayman_Islands,Central_African_Republic,Chad,Chile,China,Colombia,Comoros,Congo,Costa_Rica,Cote_dIvoire,Croatia,Cuba,Cura√ßao,Cyprus,Czechia,Democratic_Republic_of_the_Congo,Denmark,Djibouti,Dominica,Dominican_Republic,Ecuador,Egypt,El_Salvador,Equatorial_Guinea,Eritrea,Estonia,Eswatini,Ethiopia,Falkland_Islands_(Malvinas),Faroe_Islands,Fiji,Finland,France,French_Polynesia,Gabon,Gambia,Georgia,Germany,Ghana,Gibraltar,Greece,Greenland,Grenada,Guam,Guatemala,Guernsey,Guinea,Guinea_Bissau,Guyana,Haiti,Holy_See,Honduras,Hungary,Iceland,India,Indonesia,Iran,Iraq,Ireland,Isle_of_Man,Israel,Italy,Jamaica,Japan,Jersey,Jordan,Kazakhstan,Kenya,Kosovo,Kuwait,Kyrgyzstan,Laos,Latvia,Lebanon,Liberia,Libya,Liechtenstein,Lithuania,Luxembourg,Madagascar,Malawi,Malaysia,Maldives,Mali,Malta,Mauritania,Mauritius,Mexico,Moldova,Monaco,Mongolia,Montenegro,Montserrat,Morocco,Mozambique,Myanmar,Namibia,Nepal,Netherlands,New_Caledonia,New_Zealand,Nicaragua,Niger,Nigeria,North_Macedonia,Northern_Mariana_Islands,Norway,Oman,Pakistan,Palestine,Panama,Papua_New_Guinea,Paraguay,Peru,Philippines,Poland,Portugal,Puerto_Rico,Qatar,Romania,Russia,Rwanda,Saint_Kitts_and_Nevis,Saint_Lucia,Saint_Vincent_and_the_Grenadines,San_Marino,Sao_Tome_and_Principe,Saudi_Arabia,Senegal,Serbia,Seychelles,Sierra_Leone,Singapore,Sint_Maarten,Slovakia,Slovenia,Somalia,South_Africa,South_Korea,South_Sudan,Spain,Sri_Lanka,Sudan,Suriname,Sweden,Switzerland,Syria,Taiwan,Tajikistan,Thailand,Timor_Leste,Togo,Trinidad_and_Tobago,Tunisia,Turkey,Turks_and_Caicos_islands,Uganda,Ukraine,United_Arab_Emirates,United_Kingdom,United_Republic_of_Tanzania,United_States_of_America,United_States_Virgin_Islands,Uruguay,Uzbekistan,Venezuela,Vietnam,Western_Sahara,Yemen,Zambia,Zimbabwe
1,0,0,0,0,0,null,0,0,0,0,0,0,0,0,0,0,0,0,0,0,0,0,0,0,null,0,0,0,0,0,0,0,0,0,0,0,0,0,0,0,0,0,0,0,0,0,0,0,0,0,0,0,0,0,0,0,0,0,0,0,0,0,0,0,0,0,null,0.001,0,0,0,0,0,0,0,0,0,0,0,0,0,0,0,0,0,0,0,0,0.001,0,0,0,0,0,0,0,0,0,0,0,0,0,0,0,0,0,0,0,0,0,0,0,0,0,0,0,0,0,0,0,0,0,0,0,0,0,0,0,0,0,0,0,0,0,0,0,0,0,0,0,0,0,0,0,0,0,0,0,0,0,0,0,0,0,0,0,0,0,0,0,0,0,0,0,0,0,0,0,0,0,0,0,0,0,0,0,0,0,0,0,0,0,0,0,0,0,0,0,0,0,0,0,0,0,0,0,0,0,0,0,0,0,0,0,0,null,0,0,0
2,0,0,0,0,0,null,0,0,0,0,0,0,0,0,0,0,0,0,0,0,0,0,0,0,null,0,0,0,0,0,0,0,0,0,0,0,0,0,0,0,0,0,0,0,0,0,0,0,0,0,0,0,0,0,0,0,0,0,0,0,0,0,0,0,0,0,null,0.002,0,0,0,0,0,0,0,0,0,0,0,0,0,0,0,0,0,0,0,0,0.001,0,0,0,0,0,0,0,0,0,0,0,0,0,0,0,0,0,0,0,0,0,0,0,0,0,0,0,0,0,0,0,0,0,0,0,0,0,0,0,0,0,0,0,0,0,0,0,0,0,0,0,0,0,0,0,0,0,0,0,0,0,0,0,0,0,0,0,0,0,0,0,0,0,0,0,0,0,0,0,0,0,0,0,0,0,0,0,0,0,0,0,0,0,0,0,0,0,0,0,0,0,0,0,0,0,0,0,0,0,0,0,0,0,0,0,0,null,0,0,0
3,0,0,0,0,0,null,0,0,0,0,0,0,0,0,0,0,0,0,0,0,0,0,0,0,null,0,0,0,0,0,0,0,0,0,0,0,0,0,0,0,0,0,0,0,0,0,0,0,0,0,0,0,0,0,0,0,0,0,0,0,0,0,0,0,0,0,null,0.002,0,0,0,0,0,0,0,0,0,0,0,0,0,0,0,0,0,0,0,0,0.001,0,0,0,0,0,0,0,0,0,0,0,0,0,0,0,0,0,0,0,0,0,0,0,0,0,0,0,0,0,0,0,0,0,0,0,0,0,0,0,0,0,0,0,0,0,0,0,0,0,0,0,0,0,0,0,0,0,0,0,0,0,0,0,0,0,0,0,0,0,0,0,0,0,0,0,0,0,0,0,0,0,0,0,0,0,0,0,0,0,0,0,0,0,0,0,0,0,0,0,0,0,0,0,0,0,0,0,0,0,0,0,0,0,0,0,0,null,0,0,0
4,0,0,0,0,0,null,0,0,0,0,0,0,0,0,0,0,0,0,0,0,0,0,0,0,null,0,0,0,0,0,0,0,0,0,0,0,0,0,0,0,0,0,0,0,null,0,0,0,0,0,0,0,0,0,0,0,0,0,0,0,0,0,0,0,0,0,null,0.002,0,0,0,0,0,0,0,0,0,0,0,0,0,0,0,0,0,0,0,0,0.001,0,0,0,0,0,0,0,0,0,0,0,0,0,0,0,0,0,0,0,0,0,0,0,0,0,0,0,0,0,0,0,0,0,0,0,0,0,0,0,0,0,0,0,0,0,0,0,0,0,0,0,0,0,0,0,0,0,0,0,0,0,0,0,0,0,0,0,0,0,0,0,0,0,0,0,0,0,0,0,0,0,0,0,0,0,0,0,0,0,0,0,0,0,0,0,0,0,0,0,0,0,0,0,0,0,0,0,0,0,0,0,0,0,0,0,0,null,0,0,0
5,0,0,0,0,0,null,0,0,0,0,0,0,0,0,0,0,0,0,0,0,0,0,0,0,null,0,0,0,0,0,0,0,0,0,0,0,0,0,0,0,0,0,0,0,null,0,0,0,0,0,0,0,0,0,0,0,0,0,0,0,0,0,0,0,0,0,null,0.002,0,0,0,0,0,0,0,0,0,0,0,0,0,0,0,0,0,0,0,0,0.001,0,0,0,0,0,0,0,0,0,0,0,0,0,0,0,0,0,0,0,0,0,0,0,0,0,0,0,0,0,0,0,0,0,0,0,0,0,0,0,0,0,0,0,0,0,0,0,0,0,0,0,0,0,0,0,0,0,0,0,0,0,0,0,0,0,0,0,0,0,0,0,0,0,0,0,0,0,0,0,0,0,0,0,0,0,0,0,0,0,0,0,0,0,0,0,0,0,null,0,0,0,0,0,0,0,0,0,0,0,0,0,0,0,0,0,0,null,0,0,0
6,0,0,0,0.001,0,null,0,0,0,0,0,0,0,0,0,0,0,0,0,0,0,0,0,0,null,0,0,0,0,0,0,0,0,0,0,0,0,0,0,0,0,0,0,0,null,0,0,0,0,0,0,0,0,0,0,0,0,0,0,0,0,0,0,0,0,0,null,0.003,0,0,0,0,0,0,0,0,0,0,0,0,0,0,0,0,0,0,0,0,0.001,0,0,0,0,0,0,0,0,0,0,0,0,0,0,0,0,0,0,0,0,0,0,0,0,0,0,0,0,0,0,0,0,0,0,0,0,0,0,0,0,0,0,0,0,0,0,0,0,0,0,0,0,0,0,0,0,0,0,0,0,0,0,0,0,0,0,0,0,0,0,0,0,0,0,0,0,0,0,0,0,0,0,0,0,0,0,0,0,0,0,0,0,0,0,0,0,0,null,0,0,0,0,0,0,0,0,0,0,0,0,0,0,0,0,0,0,null,0,0,0
7,0,0,0,0.001,0,null,0,0,0,0,0,0,0,0,0,0,0,0,0,0,0,0,0,0,null,0,0,0,0,0,0,0,0,0,0,0,0,0,0,0,0,0,0,0,null,0,0,0,0,0,0,0,0,0,0,0,0,0,0,0,0,0,0,0,0,0,null,0.003,0,0,0,0,0,0,0,0,0,0.001,0,0,0,0,0,0,0,0,0,0,0.001,0,0,0,0,0,0,0,0,0,0,0,0,0,0,0,0,0,0,0,0,0,0,0,0,0,0,0,0,0,0,0,0,0,0,0,0,0,0,0,0,0,0.001,0,0,0,0,0,0,0,0,0,0,0,0,0,0,0,0,0,0,0,0,0,0,0,0,0,0,0,0,0,0,0,0,0,0,0,0,0,0,0,0,0,0,0,0,0,0,0,0,0,0,0,0,0,0,0,null,0,0,0,0,0,0,0,0,0,0,0,0,0,0,0,0,0,0,null,0,0,0
8,0,0,0,0.001,0,null,0,0,0,0,0,0,0,0,0,0,0,0,0,0,0,0,0,0,null,0,0,0,0,0,0,0,0,0,0,0,0,0,0,0,0,0,0,0,null,0,0,0,0,0,0,0,0,0,0,0,0,0,0,0,0,0,0,0,0,0,null,0.003,0,0,0,0,0,0,0,0,0,0.001,0,0,0,0,0,0.001,0,0,0,0,0.001,0,0,0,0,0,0,0,0,0,0,0,0,0,0,0,0,0,0,0,0,0,0,0,0,0,0,0,0,0,0,0,0,0,0,0,0,0,0,0,0,0,0.001,0,0,0,0,0,0,0,0,0,0,0,0,0,0,0,0,0,0,0,0,0,0,0,0,0,0,0,0,0,0,0,0,0,0,0,0,0,0,0,0,0,0,0,0,0,0,0,0,0,0,0,0,0,0,0,null,0,0,0,0,0,0,0,0,0,0,0,0,0,0,0,0,0,0,null,0,0,0
9,0,0,0,0.001,0,null,0,0,0,0,0,0,0,0,0,0,0,0,0,0,0,0,0,0,null,0,0,0,0,0,0,0,0,0,0,0,0,0,0,0,0,0,0,0,null,0,0,0,0,0,0,0,0,0,0,0,0,0,0,0,0,0,0,0,0,0,null,0.003,0,0,0,0,0,0,0,0,0,0.002,0,0,0,0,0,0.001,0,0,0,0,0.001,0,0,0,0,0,0,0,0,0,0,0,0,0,0,0,0,0,0,0,0,0,0,0,0,0,0.001,0,0,0,0,0,0,0,0,0,0,0,0,0,0,0,0.001,0,0,0,0,0,0,0,0,0,0,0,0,0,0,0,0,0,0,0,0,0,0,0,0,0,0,0,0,0,0,0,0,0,0,0,0,0,0,0,0,0.001,0,0,0,0,0,0,0,0,0,0,0,0,0,0,null,0,0,0,0,0,0,0,0,0,0,0,0,0,0,0,0,0,0,null,0,0,0
10,0,0,0,0.001,0,null,0,0,0,0.001,0,0,0,0,0,0,0,0,0,0,0,0,0,0,null,0,0,0,0,0,0,0,0,0,0,0,0,0,0,0,0,0,0,0,null,0,0,0,0,0,0,0,0,0,0,0,0,0,0,0,0,0,0,0,0,0,null,0.003,0,0,0,0,0,0,0,0,0,0.002,0,0,0,0,0,0.001,0,0,0,0,0.001,0,0,0,0,0,0,0,0,0,0,0,0,0,0.001,0,0,0,0,0,0,0,0,0,0,0,0.001,0,0,0,0,0,0,0,0,0,0,0,0,0,0,0,0.001,0,0,0,0,0,0,0,0,0,0,0,0,0,0,0,0,0,0,0,0,0,0,0,0,0,0,0,0,0,0,0,0,0,0,0,0,0,0,0,0,0.001,0,0,0,0,0,0,0,0,0,0,0,0,0,0,null,0,0,0,0,0,0,0,0,0,0,0,0,0,0,0,0,0,0,null,0,0,0
11,0,0,0,0.002,0,null,0,0,0,0.001,0,0,0,0,0,0,0,0,0,0,0,0,0,0,null,0,0,0,0,0,0,0,0,0,0,0,0,0,0,0,0,0,0,0,null,0,0,0,0,0,0,0,0,0,0,0,0,0,0,0,0,0,0,0,0,0,null,0.003,0,0,0,0,0,0,0,0,0,0.002,0,0,0,0,0,0.001,0,0,0,0,0.001,0,0,0,0,0,0,0,0,0,0,0,0,0,0.001,0,0,0,0,0,0,0,0,0,0,0,0.001,0,0,0,0,0,0,0,0,0,0,0,0,0,0,0,0.001,0,0,0,0,0,0,0,0,0,0,0,0,0,0,0,0,0,0,0,0,0,0,0,0,0,0,0,0,0,0,0,0,0,0,0,0,0,0,0,0,0.001,0,0,0,0,0,0,0,0,0,0,0,0,0,0,null,0,0,0,0,0,0,0,0,0,0,0,0,0,0,0,0,0,0,null,0,0,0
12,0,0,0,0.002,0,null,0,0,0,0.001,0,0,0,0,0,0,0,0,0,0,0,0,0,0,null,0,0,0,0,0,0,0,0,0,0,0,0,0,0,0,0,0,0,0,null,0,0,0,0,0,0,0,0,0,0,0,0,0,0,0,0,0,0,0,0,0,null,0.003,0,0,0,0,0,0,0,0,0,0.002,0,0,0,0,0,0.001,0,0,0,0,0.001,0,0,0,0,0,0,0,0,0.001,0,0,0,0,0.001,0,0,0,0,0,0,0,0,0,0,0,0.001,0,0,0,0,0,0,0,0,0,0,0,0,0,0,0,0.001,0,0,0,0,0,0,0,0,0,0,0,0,0,0,0,0,0,0,0,0,0,0,0,0,0,0,0,0,0,0,0,0,0,0,0,0,0,0,0,0,0.001,0,0,0,0,0,0,0,0,0,0,0,0,0,0,null,0,0,0,0,0,0,0,0,0,0,0,0,0,0,0,0,0,0,null,0,0,0
13,0,0,0,0.002,0,null,0,0,0,0.001,0,0,0,0,0,0,0,0,0,0,0,0.001,0,0,null,0,0,0,0,0,0,0,0,0,0,0,0,0,0,0,0,0,0,0,null,0,0,0,0,0,0,0,0,0,0,0,0,0,0,0,0,0,0,0,0,0,null,0.003,0,0,0,0,0,0,0,0,0,0.002,0,0,0,0,0,0.001,0,0,0,0,0.005,0,0,0,0,0,0,0,0,0.001,0,0,0,0,0.001,0,0,0,0,0,0,0,0,0,0,0,0.001,0,0,0,0,0,0,0,0,0,0,0,0,0,0,0,0.001,0,0,0,0,0,0,0,0,0,0,0,0,0,0,0,0,0,0,0,0,0,0,0,0,0,0,0,0,0,0,0,0,0,0,0,0,0,0,0,0,0.001,0,0,0,0,0,0,0,0,0,0,0,0,0,0,null,0,0,0,0,0,0,0,0,0,0,0,0,0,0,0,0,0,0,null,0,0,0
14,0,0,0,0.003,0,null,0,0,0,0.001,0,0,0,0,0,0,0,0,0,0,0,0.001,0,0,null,0,0,0,0,0,0,0,0,0,0,0,0,0,0,0,0,0,0,0,null,0,0,0,0,0,0,0,0,0,0,0,0,0,0,0,0,0,0,0,0,0,null,0.004,0,0,0,0,0,0,0,0,0,0.002,0,0,0,0,0,0.001,0,0,0,0,0.005,0,0,0,0,0,0,0,0,0.001,0,0,0,0,0.001,0,0,0,0,0,0,0,0,0,0,0,0.001,0,0,0,0,0,0,0,0,0,0,0,0,0,0,0,0.001,0,0,0,0,0,0,0,0,0,0,0,0,0,0,0,0,0,0,0,0,0,0,0,0,0,0,0,0,0,0,0,0,0,0,0,0,0,0,0,0,0.001,0,0,0,0,0,0,0,0,0,0,0,0,0,0,null,0,0,0,0,0,0,0,0,0,0,0,0,0,0,0,0,0,0,null,0,0,0
15,0,0,0,0.003,0,null,0,0,0,0.001,0,0,0,0,0,0,0,0,0,0,0,0.001,0,0,null,0,0,0,0,0,0,0,0,0,0,0,0,0,0,0,0,0,0,0,null,0,0,0,0,0,0,0,0,0,0,0,0,0,0,0,0,0,0,0,0,0,null,0.004,0,0,0,0,0,0,0,0,0,0.003,0,0,0,0,0,0.001,0,0,0,0,0.006,0,0,0,0,0,0,0,0,0.001,0,0,0,0,0.001,0,0,0,0,0,0,0,0,0,0,0,0.001,0,0,0,0,0,0,0,0,0,0,0,0,0,0,0,0.001,0,0,0,0,0,0,0,0,0,0,0,0,0,0,0,0,0,0,0,0,0,0,0,0,0,0,0,0,0,0,0,0,0,0,0,0,0,0,0,0,0.001,0,0,0,0,0,0,0,0,0,0,0,0,0,0,null,0,0,0,0,0,0,0,0,0,0,0,0,0,0,0,0,0,0,null,0,0,0
16,0,0,0,0.004,0,null,0,0,0,0.001,0,0,0,0,0,0,0,0,0,0,0,0.001,0,0,null,0,0,0,0,0,0,0,0,0,0,0,0,0,0,0,0,0,0,0,null,0,0,0,0,0,0,0,0,0,0,0,0,0,0,0,0,0,0,0,0,0,null,0.004,0,0,0,0,0,0,0,0,0,0.003,0,0,0,0,0,0.002,0,0,0,0,0.006,0,0,0,0,0,0,0,0,0.001,0,0,0,0,0.001,0,0,0,0,0,0,0,0,0,0,0,0.001,0,0,0,0,0,0,0,0,0,0,0,0,0,0,0,0.001,0,0,0,0,0,0,0,0,0,0,0,0,0,0,0,0,0,0,0,0,0,0,0,0,0,0,0,0,0,0,0,0,0,0,0,0,0,0,0,0,0.001,0,0,0,0,0,0,0,0,0,0,0,0,0,0,null,0,0,0,0,0,0,0,0,0,0,0,0,0,0,0,0,0,0,null,0,0,0
17,0,0,0,0.004,0,null,0,0,0,0.001,0,0,0,0,0,0,0,0,0,0,0,0.001,0,0,null,0,0,0,0,0,0,0,0,0,0,0,0,0,0.001,0,0,0,0,0,null,0,0,0,0,0,0,0,0,0,0,0,0,0,0,0,0,0,0,0,0,0,null,0.004,0,0,0,0,0,0,0,0,0,0.003,0,0,0,0.001,0,0.002,0,0,0,0,0.006,0,0,0,0,0,0,0,0,0.002,0,0,0,0,0.001,0,0,0,0,0,0,0,0,0,0,0,0.001,0,0,0,0,0,0,0,0,0,0,0,0,0,0,0,0.001,0,0,0,0,0,0,0,0,0,0,0,0,0,0,0,0,0,0,0,0,0,0,0,0,0,0,0,0,0,0,0,0,0,0,0,0,0,0,0,0,0.001,0,0,0,0,0,0,0,0,0,0,0,0,0,0,null,0,0,0,0,0,0,0,0,0,0,0,0,0,0,0,0,0,0,null,0,0,0
18,0,0,0,0.005,0,null,0,0,0,0.001,0,0,0,0,0,0,0,0,0,0,0,0.001,0,0,null,0,0,0,0,0,0,0,0,0,0,0,0,0,0.001,0,0,0,0,0,null,0,0,0,0,0,0,0,0,0,0,0,0,0,0,0,0,0,0,0,0,0,null,0.004,0,0,0,0,0,0,0,0,0,0.003,0,0,0,0.001,0,0.002,0,0,0,0,0.006,0,0,0,0,0,0,0,0,0.002,0,0,0,0,0.001,0,0,0,0,0,0,0,0,0,0,0,0.002,0,0,0,0,0,0,0,0,0,0,0,0,0,0,0,0.001,0,0,0,0,0,0,0,0,0,0,0,0,0,0,0,0,0,0,0,0,0,0,0,0,0,0,0,0,0,0,0,0,0,0,0,0,0,0,0,0,0.001,0,0,0,0,0,0,0,0,0,0,0,0,0,0,null,0,0,0,0,0,0,0,0,0,0,0,0,0,0,0,0,0,0,null,0,0,0
19,0,0,0,0.005,0,null,0,0,0,0.001,0,0,0,0,0,0,0,0,0,0,0,0.001,0,0,null,0,0,0,0,0,0,0,0,0,0,0,0,0,0.001,0,0,0,0,0,null,0,0,0,0,0,0,0,0,0,0,0,0,0,0,0,0,0,0,0,0,0,null,0.004,0,0,0,0,0,0,0,0,0,0.003,0,0,0,0.001,0,0.003,0,0,0,0,0.006,0,0,0,0,0,0,0,0,0.002,0,0,0,0,0.002,0,0,0,0,0,0,0,0,0,0,0,0.002,0,0,0,0,0,0,0,0,0,0,0,0,0,0,0,0.002,0,0,0,0,0,0,0,0,0,0,0,0,0,0,0,0,0,0,0,0,0,0,0,0,0,0,0,0,0,0,0,0,0,0,0,0,0,0,0,0,0.001,0,0,0,0,0,0,0,0,0,0,0,0,0,0,null,0,0,0,0,0,0,0,0,0,0,0,0,0,0,0,0,0,0,null,0,0,0
20,0,0,0,0.005,0,null,0,0,0,0.001,0,0,0,0,0,0,0,0,0,0,0,0.001,0,0,null,0,0,0,0,0,0,0,0,0,0,0,0,0,0.001,0,0,0,0,0,null,0,0,0,0,0,0,0,0,0,0,0,0,0,0,0,0,0,0,0,0,0,null,0.004,0,0,0,0,0,0,0,0,0,0.003,0,0,0,0.001,0,0.003,0,0,0,0,0.006,0,0,0,0,0,0,0,0,0.002,0,0,0,0,0.002,0,0,0,0,0,0,0,0,0,0,0,0.002,0,0,0,0,0,0,0,0,0,0,0,0,0,0,0,0.002,0,0,0,0,0,0,0,0,0,0,0,0,0,0,0,0,0,0,0,0,0,0,0,0,0,0,0,0,0,0,0,0,0,0,0,0,0,0,0,0,0.001,0,0,0,0,0,0,0,0,0,0,0,0,0,0,null,0,0,0,0,0,0,0,0,0,0,0,0,0,0,0,0,0,0,null,0,0,0
21,0,0,0,0.006,0,null,0,0,0,0.001,0,0,0,0,0,0,0,0,0,0,0,0.001,0,0,null,0,0,0,0,0,0,0,0,0,0,0,0,0,0.001,0,0,0,0,0,null,0,0,0,0,0,0,0,0,0,0,0,0,0,0,0,0,0,0,0,0,0,null,0.004,0,0,0,0,0,0,0,0,0,0.004,0,0,0,0.001,0,0.003,0,0,0,0,0.007,0,0,0,0,0,0,0,0,0.002,0,0,0,0,0.002,0,0,0,0,0,0,0,0,0,0,0,0.002,0,0,0,0,0,0,0,0,0,0,0,0,0,0,0,0.002,0,0,0,0,0,0,0,0,0,0,0,0,0,0,0,0,0,0,0,0,0,0,0,0,0,0,0,0,0,0,0,0,0,0,0,0,0,0,0,0,0.001,0,0,0,0,0,0,0,0,0,0,0,0,0,0,null,0,0,0,0,0,0,0,0,0,0,0,0,0,0,0,0,0,0,null,0,0,0
22,0,0,0,0.006,0,null,0,0,0,0.001,0,0,0,0,0,0,0,0,0,0,0,0.001,0,0,null,0,0,0,0,0,0,0,0,0,0,0,0,0,0.001,0,0,0,0,0,null,0,0,0,0,0,0,0,0,0,0,0,0,0,0,0,0,0,0,0,0,0,null,0.004,0,0,0,0,0,0,0,0,0,0.004,0,0,0,0.001,0,0.003,0,0,0,0,0.007,0,0,0,0,0,0,0,0,0.002,0,0,0,0,0.002,0,0,0,0,0,0,0,0,0,0,0,0.002,0,0,0,0,0,0,0,0,0,0,0,0,0,0,0,0.002,0,0,0,0,0,0,0,0,0,0,0,0,0,0,0,0,0,0,0,0,0,0,0,0,0,0,0,0,0,0,0,0,0,0,0,0,0,0,0,0,0.001,0,0,0,0,0,0,0,0,0,0,0,0,0,0,null,0,0,0,0,0,0,0,0,0,0,0,0,0,0,0,0,0,0,null,0,0,0
23,0,0,0,0.006,0,null,0,0,0,0.001,0,0,0,0,0,0,0,0,0,0,0,0.001,0,0,null,0,0,0,0,0,0,0,0,0,0,0,0,0,0.001,0,0,0,0,0,null,0,0,0,0,0,0,0,0,0,0,0,0,0,0,0,0,0,0,0,0,0,null,0.004,0,0,0,0,0,0,0,0,0,0.004,0,0,0,0.001,0,0.003,0,0,0,0,0.007,0,0,0,0,0,0,0,0,0.003,0,0,0,0,0.002,0,0,0,0,0,0,0,0,0,0,0,0.002,0,0,0,0,0,0,0,0,0,0,0,0,0,0,0,0.002,0,0,0,0,0,0,0,0,0,0,0,0,0,0,0,0,0,0,0,0,0,0,0,0,0,0,0,0,0,0,0,0,0,0,0,0,0,0,0,0,0.001,0,0,0,0,0,0,0,0,0,0,0,0,0,0,null,0,0,0,0,0,0,0,0,0,0,0,0,0,0,0,0,0,0,null,0,0,0
24,0,0,0,0.007,0,null,0,0,0,0.001,0,0,0,0,0,0,0,0,0,0,0,0.001,0,0,null,0,0,0,0,0,0,0,0,0,0,0,0,0,0.001,0,0,0,0,0,null,0,0,0,0,0,0,0,0,0,0,0,0,0,0,0,0,0,0,0,0,0,null,0.004,0,0,0,0,0,0,0,0,0,0.004,0,0,0,0.001,0,0.003,0,0,0,0,0.007,0,0,0,0,0,0,0,0,0.003,0,0,0,0,0.002,0,0,0,0,0,0,0,0,0,0,0,0.002,0,0,0,0,0,0,0,0,0,0,0,0,0,0,0,0.002,0,0,0,0,0,0,0,0,0,0,0,0,0,0,0,0,0,0,0,0,0,0,0,0,0,0,0,0,0,0,0,0,0,0,0,0,0,0,0,0,0.001,0,0,0,0,0,0,0,0,0,0,0,0,0,0,null,0,0,0,0,0,0,0,0,0,0,0,0,0,0,0,0,0,0,null,0,0,0
25,0,0,0,0.007,0,null,0,0,0,0.001,0,0,0,0,0,0,0,0,0,0,0,0.001,0,0,null,0,0,0,0,0,0,0,0,0,0,0,0,0,0.001,0,0,0,0,0,null,0,0,0,0,0,0,0,0,0,0,0,0,0,0,0,0,0,0,0,0,0,null,0.004,0,0,0,0,0,0,0,0,0,0.004,0,0,0,0.001,0,0.003,0,0,0,0,0.007,0,0,0,0,0,0,0,0,0.003,0,0,0,0,0.002,0,0,0,0,0,0,0,0,0,0,0,0.002,0,0,0,0,0,0,0,0,0,0,0,0,0,0,0,0.002,0,0,0,0,0,0,0,0,0,0,0,0,0,0,0,0,0,0,0,0,0,0,0,0,0,0,0,0,0,0,0,0,0,0,0,0,0,0,0,0,0.002,0,0,0,0,0,0,0,0,0,0,0,0,0,0,null,0,0,0,0,0,0,0,0,0,0,0,0,0,0,0,0,0,0,null,0,0,0
26,0,0,0,0.007,0,null,0,0,0,0.001,0,0,0,0,0,0,0,0,0,0,0,0.001,0,0,null,0,0,0,0,0,0,0,0,0,0,0,0,0,0.001,0,0,0,0,0,null,0,0,0,0,0,0,0,0,0,0,0,0,0,0,0,0,0,0,0,0,0,null,0.004,0,0,0,0,0,0,0,0,0,0.004,0,0,0,0.001,0,0.003,0,0,0,0,0.008,0,0,0,0,0,0,0,0,0.003,0,0,0,0,0.002,0,0,0,0,0,0,0,0,0,0,0,0.002,0,0,0,0,0,0,0,0,0,0,0,0,0,0,0,0.002,0,0,0,0,0,0,0,0,0,0,0,0,0,0,0,0,0,0,0,0,0,0,0,0,0,0,0,0,0,0,0,0,0,0,0,0,0,0,0,0,0.002,0,0,0,0,0,0,0,0,0,0,0,0,0,0,null,0,0,0,0,0,0,0,0,0,0,0,0,0,0,0,0,0,0,null,null,0,0
27,0,0,0,0.007,0,null,0,0,0,0.001,0,0,0,0,0,0,0,0,0,0,0,0.001,0,0,null,0,0,0,0,0,0,0,0,0,0,0,0,0,0.001,0,0,0,0,0,null,0,0,0,0,0,0,0,0,0,0,0,0,0,0,0,0,0,0,0,0,0,null,0.004,0,0,0,0,0,0,0,0,0,0.004,0,0,0,0.001,0,0.004,0,0,0,0,0.008,0,0,0,0,0,0,0,0,0.003,0,0,0,0,0.002,0,0,0,0,0,0,0,0,0,0,0,0.002,0,0,0,0,0,0,0,0,0,0,0,0,0,0,0,0.002,0,0,0,0,0,0,0,0,0,0,0,0,0,0,0,0,0,0,0,0,0,0,0,0.001,0,0,0,0,0,0,0,0,0,null,0,0,0,0,0,0,0.002,0,0,0,0,0,0,0,0,0,0,0,0,0,0,null,0,0,0,0,0,0,0,0,0,0,0,0,0,0,0,0,0,0,null,null,0,0
28,0,0,0,0.008,0,null,0,0,0,0.001,0,0,0,0,0,0,0,0,0,0,0,0.001,0,0,null,0,0,0,0,0,0,0,0,0,0,0,0,0,0.001,0,0,0,0,0,null,0,0,0,0,0,0,0,0,0,0,0,0,0,0,0,0,0,0,0,0,0,null,0.004,0,0,0,0,0,0,0,0,0,0.004,0,0,0,0.001,0,0.004,0,0,0,0,0.008,0,0,0,0,0,0,0,0,0.003,0,0,0,0,0.002,0,0,0,0,0,0,0,0,0,0,0,0.002,0,0,0,0,0,0,0,0,0,0,0,0,0,0,0,0.002,0,0,0,0,0,0,0,0,0,0,0,0,0,0,0,0,0,0,0,0,0,0,0,0.001,0,0,0,0,0,0,0,0,0,null,0,0,0,0,0,0,0.002,0,0,0,0,0,0,0,0,0,0,0,0,0,0,null,0,0,0,0,0,0.001,0,0,0,0,0,0,0,0.001,0,0,0,0,null,null,0,0
29,0,0,0,0.008,0,null,0,0,0,0.001,0,0,0,0,0,0,0,0,0,0,0,0.001,0,0,null,0,0,0,0,0,0,0,0,0,0,0,0,0,0.001,0,0,0,0,0,null,0,0,0,0,0,0,0,0,0,0,0,0,0,0,0,0,0,0,0,0,0,null,0.004,0,0,0,0,0,0,0,0,0,0.004,0,0,0,0.001,0,0.004,0,0,0,0,0.008,0,0,0,0,0,0,0,0,0.003,0,0,0,0,0.002,0,0,0,0,0,0,0,0,0,0,0,0.002,0,0,0,0,0,0,0,0,0,0,0,0,0,0,0,0.002,0,0,0,0,0,0,0,0,0,0,0,0,0,0,0,0,0,0.001,0,0,0,0,0,0.001,0,0,0,0,0,0,0,0,0,null,0,0,0,0,0,0,0.002,0,0,0,0,0,0,0,0,0,0,0,0,0,0,null,0,0,0,0,0,0.001,0,0,0,0,0,0,0,0.001,0,0,0,0,null,null,0,0
30,0,0,0,0.008,0,null,0,0,0,0.001,0,0,0,0,0,0,0,0,0,0,0,0.001,0,0,null,0,0,0,0,0,0,0,0,0,0,0,0,0,0.001,0,0,0,0,0,null,0,0,0,0,0,0,0,0,0,0,0.001,0,0,0,0,0,0,0,0,0,0,null,0.004,0,0,0,0,0,0,0,0,0,0.004,0,0,0,0.001,0,0.004,0,0,0,0,0.008,0,0,0,0,0,0,0,0,0.004,0,0,0,0,0.002,0,0,0,0,0,0,0,0,0,0,0,0.002,0,0,0,0,0,0,0,0.001,0,0,0,0,0,0,0,0.002,0,0,0,0,0,0,0,0,0,0,0,0,0,0,0,0,0,0.001,0,0,0,0,0,0.001,0,0,0,0,0,0,0,0,0,null,0,0,0,0,0,0,0.002,0,0,0,0,0,null,0,0,0,0,0,0,0,0,null,0,0,0,0,0,0.001,0,0,0,0,0,0,0,0.001,0,0,0,0,null,null,0,0
31,0,0,0,0.008,0,null,0,0,0,0.001,0,0,0,0,0,0,0,0,0,0,0,0.001,0,0,null,0,0,0,0,0,0,0,0,0,0,0,0,0,0.001,0,0,0,0,0,null,0,0,0,0,0,0,0.001,0,0,0,0.001,0,0,0,0,0,0,0,0,0,0,null,0.004,0,0,0,0,0,0,0,0,0,0.004,0,0,0,0.001,0,0.004,0,0,0,0,0.008,0,0,0,0,0,0,0,0,0.004,0,0,0,0,0.002,0,0,0,0,0,0,0,0,0,0,0,0.002,0,0,0,0,0,0,0,0.001,0,0,0,0,0,0,0,0.002,0,0,0,0,0,0,0,0,0,0,0,0,0,0,0,0,0,0.001,0,0,0,0,0,0.001,0,0,0,0,0,0,0,0,0,null,0,0,0,0,0,0,0.002,0,0,0,0,0,null,0,0,0,0,0,0,0,0,null,0,0,0,0,0,0.001,0,0,0,0,0,0,0,0.001,0,0,0,0,null,null,0,0
32,0,0,0,0.008,0,null,0,0,0,0.001,0,0,0,0,0,0,0,0,0,0,0,0.001,0,0,null,0,0,0,0,0,0,0,0,0,0,0,0,0,0.001,0,0,0,0,0,null,0,0,0,0,0,0,0.001,0,0,0,0.001,0,0,0,0,0,0,0,0,0,0,null,0.004,0,0,0,0,0,0,0,0,0,0.004,0,0,0,0.001,0,0.004,0,0,0,0,0.008,0,0,0,0,0,0,0,0,0.004,0,0,0,0,0.002,0,0,0,0,0,0,0,0,0,0,0,0.002,0,0,0,0,0,0,0,0.001,0,0,0,0,0,0,0,0.002,0,0,0,0,0,0,0,0,0,0,0,0,0,0,0,0,0,0.001,0,0,0,0,0,0.001,0,0,0,0,0,0,0,0,0,null,0,0,0,0,0,0,0.002,0,0,0,0,0,null,0,0,0,0,0,0,0,0,null,0,0,0,0,0,0.001,0,0,0,0,0,0,0,0.001,0,0,0,0,null,null,0,0
33,0,0,0,0.009,0,null,0,0,0,0.001,0,0,0,0,0,0,0,0,0,0,0,0.001,0,0,null,0,0,0,0,0,0,0,0,0,0,0,0,0,0.001,0,0,0,0,0,null,0,0,0,0,0,0,0.001,0,0,0,0.001,0,0,0,0,0,0,0,0,0,0,null,0.004,0,0,0,0,0,0,0,0,0,0.004,0,0,0,0.001,0,0.004,0,0,0,0,0.008,0,0,0,0,0,0,0,0,0.004,0,0,0,0,0.002,0,0,0,0,0,0,0,0,0,0,0,0.002,0,0,0,null,0,0,0,0.001,0,0,0,0,0,0,0,0.002,0,0,0,0,0,0,0,0,0,0,0,0,0,0,0,0,0,0.001,0,0,0,0,0,0.001,0,0,0,0,0,0,0,0,0,null,0,0,0,0,0,0,0.002,0,0,0,0,0,null,0,0,0,0,0,0,0,0,null,0,0,0,0,0,0.001,0,0,0,0,0,0,0,0.001,0,0,0,0,null,null,0,0
34,0,0,0,0.009,0,null,0,0,0,0.001,0,0,0,0,0,0,0,0,0,0,0,0.002,0,0,null,0,0,0,0,0,0,0,0,0,0,0,0,0,0.001,0,0,0,0,0,null,0,0,0,0,0,0,0.001,0,0,0,0.001,0,0,0,0,0,0,0,0,0,0,null,0.004,0,0,0,0,0,0,0,0,0,0.004,0,0,0,0.001,0,0.004,0,0,0,0,0.008,0,0,0,0,0,0,0,0,0.004,0,0,0,0,0.002,0,0,0,0,0,0,0,0,0,0,0,0.002,0,0,0,null,0,0,0,0.001,0,0,0,0,0,0,0,0.002,0,0,0,0,0,0,0,0,0,0,0,0,0,0,0,0,0,0.001,0,0,0,0,0,0.001,0,0,0,0,0,0,0,0,0,null,0,0,0,0,0,0,0.002,0,0.001,0,0,0,null,0,0,0,0,0,0,0,0,null,0,0,0,0,0,0.001,0,0,0,0,0,0,0,0.001,0,0,0,0,null,null,0,0
35,0,0,0,0.009,0,null,0,0,0,0.001,0,0,0,0,0,0,0,0,0,0,0,0.002,0,0,null,0,null,0,0,0,0,0,null,0,0,0,0,0,0.001,0,0,0,0,0,null,0,0,0,0,0,0,0.001,0,0,0,0.001,0,0,0,0,0,0,0,0,0,0,null,0.004,0,0,0,0,0,0,0,0,0,0.004,0,0,0,0.001,0,0.004,0,0,0,0,0.008,0,0,0,0,0,0,0,0,0.004,0,0,0,0,0.002,0,0,0,0,0,0,0,0,0,0,0,0.002,0,0,0,null,0,0,0,0.001,0,0,0,0,0,0,0.001,0.002,0,0,0,0,0,0,0,0,0,0,0,0,0,0,0,0,0,0.001,0,0,0,0,0,0.001,0,0,0,0,0,0,0,0,0,null,0,0,0.001,0,null,0,0.002,0,0.001,0,0,0,null,0,0,0,0,0,0,0,0,null,0,0,0,0,0,0.001,0,0,0,0,0,0,0,0.001,0,0,0,0,null,null,0,0
36,0,0,0,0.009,0,null,0,0,0,0.001,0,0,0,0,0,0,0,0,0,0,0,0.002,0,0,null,0,null,0,0,0,0,0,null,0,0,0,0,0,0.001,0,0,0,0,0,null,0,0,0,0,0,0,0.001,0,0,0,0.001,0,0,0,0,0,0,0,0,0,0,null,0.004,0,0,0,0,0,0,0,0,0,0.004,0,0,0,0.001,0,0.004,0,0,0,0,0.008,0,0,0,0,0,0,0,0,0.004,0,0,0,0,0.003,0,0,0,0,0,0,0,0,0,0,0,0.002,0,0,0,null,0,0,0,0.001,0,0,0,0,0,0,0.001,0.002,0,0,0,0,0,0,0,0,0,0,0,0,null,0,0,0,0,0.001,0,0,0,0,0,0.001,0,0,0,0,0,0,0,0,0,null,0,0,0.001,0,null,0,0.002,0,0.001,0,0,0,null,0,0,0,0,0,0,0,0,null,0,0,0,0,0,0.001,0,0,0,0,0,0,0,0.001,0,0,0,0,null,null,0,0
37,0,0,0,0.009,0,null,0,0,0,0.001,0,0,0,0,0,0,0,0,0,0,0,0.002,0,0,null,0,null,0,0,0,0,0,null,0,0,0,0,0.003,0.001,0,0,0,0,0,null,0,0,0,0,0,0,0.001,0,0,0,0.001,0,0,0,0,0,0,0,0,0,0,null,0.004,0,0,0,0,0,0,0,0,0,0.004,0,0,0,0.001,0,0.004,0,0,0,0,0.008,0,0,0,0,0,0,0,0,0.004,0,0,0,0,0.003,0,0,0,0,0,0,0,0,0,0,0,0.002,0,0,0,null,0,0,0,0.001,0,0,0,0.001,0,0,0.001,0.002,0,0,0,0,0,0,0,0,0,0,0,0,null,0,0,0,0,0.001,0,0,0,0,0,0.001,0.001,0,0,0,0,0,0,0,0,null,0,0,0.001,0,null,0,0.002,0,0.001,0,0,0,null,0,0,0,0,0,0,0,0,null,0,0,0,0,0,0.001,0,0,0,0,0,0,0,0.001,0,0,0,0,null,null,0,0
38,0,0,0,0.009,0,null,0,0,0,0.001,0,0,0,0,0,0,0,0,0,0,0,0.002,0,0,null,0,null,0,0,0,0,0,null,0,0,0,0,0.007,0.001,0,0,0,0,0,null,0,0,0,0,0,0,0.001,0,0,0,0.001,0,0,0,0,0,0,0,0,0,0,null,0.004,0,0,0,0,0,0,0,0,0,0.004,0,0,0,0.001,0,0.004,0,0,0,0,0.009,0,0,0,0,0,0,0,0,0.004,0,0,0,0,0.003,0,0,0,0,0,0,0,0,0,0,0,0.002,0,0,0,null,0,0,0,0.001,0,0,0,0.001,0,0,0.001,0.002,0,0,0,0,0,0,0,0,0,0,0,0,null,0,0,0,0,0.001,0,0,0,0,0,0.001,0.001,0,0,0,0,0,0,0,0,null,0,0,0.001,0,null,0,0.002,0,0.001,0,0,0,null,0,0,0,0,0,0,0,0,null,0,0,0,0,0,0.001,0,0,0,0,0,0,0,0.001,0,0,0,0,null,null,0,0
39,0,0,0,0.009,0,null,0,0,0,0.001,0,0,0,0,0,0,0,0,0,0,0,0.002,0,0,null,0,null,0,0,0,0,0,null,0,0,0,0,0.02,0.001,0,0,0,0,0,null,0,0,0,0,0,0,0.001,0,0,0,0.001,0,0,0,0,0,0,0,0,0,0,null,0.004,0,0,0,0,0,0,0,0,0,0.004,0,0,0,0.001,0,0.004,0,0,0,0,0.009,0,0,0,0,0,0,0,0,0.004,0,0,0,0,0.003,0,0,0,0,0,0,0,0,0,0,0,0.002,0,0,0,null,0,0,0,0.001,0,0,0,0.001,0,0,0.001,0.002,0,0,0,0,0,0,0,0,0,0,0,0,null,0,0,0,0,0.001,0,0,0,0,0,0.001,null,0,0,0,0,0,0,0,0,null,0,0,0.001,0,null,0,0.002,0,0.001,0,0,0,null,0,0,0,0,0,0,0,0,null,0,0,0,0,0,0.001,0,0,0,0,0,0,0,0.001,0,0,0,0,null,null,0,0
40,0,0,0,0.009,0,null,0,0,0,0.001,0,0,0,0,0,0,0,0,0,0,0,0.002,0,0,null,0,null,0,null,0,0,0,null,0,0,0,0,0.021,0.001,0,0,0,0,0,null,0,0,0,0,0,0,0.001,0,0,0,0.001,0,0,0,0,0,0,0,0,0,0,null,0.004,0,0,0,0,0,0,0,0,0,0.004,0,0,0,0.001,0,0.004,0,null,0,0,0.009,0,0,0,0,0,0,0,0,0.004,0,0,0,0,0.003,0,0,0,0,0,0,0,0,0,0,0,0.002,0,0,0,null,0,0,0,0.001,0,0,0,0.001,0,0,0.001,0.002,0,0,0,0,0,0,0,0,0,0,0,0,null,0,0,0,0,0.001,0,0,0,0,0,0.002,null,0,0,0,0,0,0,0,0,null,0,0,0.001,0,null,0,0.002,0,0.001,0,0,0,null,0,0,0,0,0,0,0,0,null,0,0,0,0,0,0.001,0,0,0,0,0,0,0,0.001,0,0,0,0,null,null,0,0
41,0,0,0,0.009,0,null,0,0,0,0.001,0,0,0,0,0,0,0,0,0,0,0,0.002,0,0,null,0,null,0,null,0,0,0,null,0,0,0,0,0.021,0.001,0,0,0,0,0,null,0,0,0,0,0,0,0.001,0,0,0,0.001,0,0,0,0,0,0,0,0,0,0,null,0.004,0,0,0,0,0,0,0,0,0,0.004,0,0,0,0.001,0,0.004,0,null,0,0,0.009,0,0,0,0,0,0,0,0,0.004,0,0,0,0,0.003,0,0,0,0,0,0,0,0,0,0,0,0.002,0,0,0,null,0,0,null,0.001,0,0,0,0.001,0,0,0.001,0.002,0,0,0,0,0,0,0,0,0,0,0,0,null,0,0,0,0,0.001,0,0,0,0,0,0.002,null,0,0,0,0,null,0,0,0,null,0,0,0.001,0,null,0,null,0,0.001,0,0,0,null,0,0,0,0,0,0,0,0,null,0,0,0,0,0,0.001,0,0,0,0,0,0,0,0.001,0,0,0,0,null,null,0,0
42,0,0,0,0.009,0,null,0,0,0,0.001,0,0,0,0,0,0,0,0,0,0,0,0.002,0,0,null,0,null,0,null,0,0,0,null,0,0,0,0,0.023,0.001,0,0,0,0,0,null,0,0,0,0,0,0,0.001,0,0,0,0.001,0,0,0,0,0,0,0,0,0,0,null,0.004,0,0,0,0,0,0,0,0,0,0.004,0,0,0,0.001,0,0.004,0,null,0,0,0.009,0,0,0,0,0,0,0,0,0.004,0,0,0,0,0.003,0,0,0,0,0,0,null,0,0,0,null,0.002,0,0,0,null,0,0,null,0.001,0,0,0,0.001,0,0,0.001,0.002,0,0,0,0,0,0,0,0,0,0,0,0,null,0,0,0,0,0.001,0,0,0,0,0,0.002,null,0,0,0,0,null,0,0,0,null,0,0,0.001,0,null,0,null,0,0.001,0,0,0,null,0,0,0,0,0,0,0,0,null,0,0,0,0,0,0.001,null,0,0,0,0,0,0,null,0,0,0,0,null,null,0,0
43,0,0,0,0.009,0,null,0,0,0,0.001,0,0,0,0,0,0,0,0,0,null,0,0.002,0,0,null,0,null,0,null,0,0,0,null,0,0,0,0,0.045,0.001,0,0,0,0,0,null,0,0,0,0,0,null,0.001,0,0,0,0.001,0,0,0,0,0,0,0,0,0,0,null,0.004,0,0,0,0,0,0,0,0,0,0.004,0,0,0,0.001,0,0.004,0,null,0,0,0.009,0,0,0,0,0,0,0,0,0.004,0,0,0,0,0.003,0,0,0,0,0,0,null,0,0,0,null,0.002,0,0,0,null,0,0,null,0.001,0,0,0,0.001,0,0,0.001,0.002,0,0,0,0,0,0,0,0,0,0,0,0,null,0,0,0,0,0.001,0,0,0,0,0,0.002,null,0,0,0,0,null,0,null,0,null,0,0,0.001,0,null,0,null,0,0.001,0,0,0,null,0,0,0,0,0,0,0,0,null,0,0,0,0,0,0.001,null,0,0,0,0,0,0,null,0,0,0,0,null,null,0,0
44,0,0,0,0.01,0,null,0,0,0,null,0,0,0,0,0,0,0,0,0,null,0,0.002,0,0,null,0,null,0,null,0,0,0,null,0,0,0,0,0.058,0.001,0,0,0,0,0,null,0,0,0,0,0,null,0.001,0,0,0,0.001,null,0,0,0,0,0,0,0,0,0,null,0.004,0,0,0,0,0,0,0,0,0,0.004,0,0,null,0.001,0,0.004,0,null,0,0,0.009,0,0,0,0,0,0,0,0,0.004,0,0,0,0,0.003,0,0,0,0,0,0,null,0,0,0,null,0.002,0,0,0,null,0,0,null,0.001,0,0,0,0.001,0,0,0.001,0.002,0,null,null,0,0,0,0,0,0,0,0,0,null,0,0,0,0,0.001,0,0,0,0,0,0.002,null,0,0,0,0,null,0,null,0,null,0,0,0.001,0,null,0,null,0,0.001,0,0,0,null,0,0,0,0,0,0,null,0,null,0,0,0,0,0,0.001,null,0,0,0,0,0,0,null,0,0,0,0,null,null,0,0
45,0,0,0,0.01,null,null,0,0,0,null,0,0,0,0,0,0,0,0,0,null,0,0.002,0,0,null,0,null,0,null,0,0,0,null,0,0,0,0,0.058,0.001,0,0,0,0,0,null,0,0,0,0,0,null,0.001,0,0,0,0.001,null,0,0,0,0,0,null,0,0,0,null,0.004,0,0,0,0,0,0,0,0,0,0.004,0,0,null,0.001,0,0.004,0,null,0,0,0.009,0,0,0,0,0,0,0,0,0.004,0,0,0,0,0.003,0,0,0,0,0,0,null,0,0,0,null,0.002,0,0,0,null,0,0,null,0.001,0,0,0,0.001,0,0,0.001,null,0,null,null,0,0,0,0,0,0,0,0,0,null,0,0,0,0,0.001,0,0,0.001,0,0,0.002,null,0,0,0,0,null,0,null,0,null,0,0,0.001,0,null,0,null,0,0.001,0,0,0,null,0,0,0,0,0,0,null,0,null,0,null,0,0,0,0.001,null,null,0,0,0,0,0,null,0,0,0,0,null,null,0,0
46,0,0,0,0.01,null,null,0,0,0,null,0,0,0,0,0,0,0,0,0,null,0,0.002,0,0,null,0,null,0,null,0,0,0,null,0,0,0,null,0.074,0.001,0,0,0.001,0,0,null,0,0,0,0,0,null,0.001,0,0,0,0.001,null,0,0,0,0,0,null,0,0,0,null,0.004,0,0,0,0,0,0,0,0,0,0.004,0,0,null,0.001,0,0.004,0,null,0,0,0.009,0,0,0,0,0,0,0,0,null,0,0,0,0,0.003,0,0,0,0,0,0,null,0,0,0,null,0.002,0,0,null,null,0,0,null,0.001,0,0,0,0.001,0,0,0.001,null,0,null,null,0,0,0,null,0,0,null,0,0,null,0,0,0,0,0.001,null,0,0.001,0,0,0.002,null,0,0,0,0,null,0,null,0,null,0,0,0.001,0,null,0,null,0,0.001,0,0,0,null,0,0,0,0,0,0,null,0,null,0,null,0,0,0,0.001,null,null,0,0,0,0,0,null,0,0,0,0,null,null,0,null
47,0,0,0,0.01,null,null,null,0,0,null,0,0,0,0,0,0,0,0,0,null,0,null,0,0,null,0,null,0,null,0,0,0,null,0,0,0,null,0.074,null,0,null,0.001,0,0,null,0,0,0,0,0,null,0.001,0,0,0,0.001,null,0,0,0,0,0,null,0,0,0,null,null,null,0,0,0,0,0,0,0,0,null,0,null,null,0.001,0,null,0,null,0,null,0.01,0,0,0,0,0,0,0,0,null,0,0,0,0,null,0,0,0,0,0,0,null,0,0,0,null,0.002,0,0,null,null,0,0,null,0.001,0,null,0,0.001,0,0,0.001,null,0,null,null,0,0,0,null,0,0,null,0,0,null,0,0,0,0,0.001,null,0,0.001,0,0,0.002,null,0,0,0,0,null,0,null,0,null,0,0,0.001,0,null,0,null,0,0.001,0,0,0,null,0,0,0,null,0,0,null,0,null,0,null,0,0,0,0.001,null,null,0,0,0,0,0,null,0,0,0,0,null,null,0,null
48,0,0,0,0.01,null,null,null,0,0,null,0,0,0,0,0,0,0,0,0,null,0,null,0,0,null,0,null,0,null,0,0,0,null,0,0,0,null,0.118,null,0,null,0.001,0,0,null,0,0,0,0,0,null,0.001,0,0,0,null,null,0,0,0,null,0,null,0,0,0,null,null,null,0,0,null,0,0,0,0,0,null,0,null,null,null,0,null,0,null,0,null,0.011,0,0,0,0,0,0,0,0,null,0,0,0,0,null,0,0,0,0,0,null,null,0,0,0,null,0.002,0,0,null,null,0,0,null,0.001,0,null,0,0.001,0,0,0.001,null,0,null,null,0,0,0,null,0,null,null,0,0,null,0,0,0,0,0.001,null,0,0.001,0,0,0.002,null,0,0,0,0,null,0,null,0,null,0,0,0.001,0,null,0,null,0,0.001,0,0,0,null,0,0,0,null,0,0,null,0,null,0,null,0,0,0,0.001,null,null,0,0,0,0,0,null,0,0,0,0,null,null,null,null
49,0,0,0,0.01,null,null,null,0,0,null,0,0,0,null,0,0,null,0,0,null,0,null,0,0,null,0,null,0,null,0,0,0,null,0,0,0,null,0.118,null,0,null,0.001,0,0,null,0,0,0,0,0,null,0.001,0,0,0,null,null,0,0,0,null,0,null,0,0,0,null,null,null,0,0,null,0,null,0,0,0,null,0,null,null,null,0,null,0,null,0,null,0.011,0,0,0,0,0,0,0,0,null,0,0,0,0,null,0,0,0,0,0,null,null,0,0,0,null,0.002,0,0,null,null,0,0,null,0.001,0,null,0,0.001,0,0,null,null,0,null,null,0,0,0,null,0,null,null,0,0,null,0,0,0,0,0.001,null,0,0.001,0,0,0.002,null,0,0,0,0,null,0,null,0,null,0,0,0.001,0,null,0,null,0,0.001,0,0,0,null,0,0,0,null,0,0,null,0,null,0,null,0,0,0,0.001,null,null,0,0,0,0,0,null,0,0,0,0,null,null,null,null
50,0,0,0,0.01,null,null,null,0,0,null,0,0,0,null,0,0,null,0,0,null,null,null,0,0,null,0.001,null,0,null,0,0,0,null,0,0,0,null,0.151,null,0,null,0.001,0,0,null,0,0,0,0,0,null,0.001,0,0,0,null,null,0,0,0,null,0,null,0,0,0,null,null,null,0,0,null,0,null,0,0,0,null,0,null,null,null,0,null,0,null,0,null,0.011,0,0,0,0,0,0,0,0,null,0,0,0,0,null,0,0,0,0,0,null,null,0,0,null,null,0.002,0,0,null,null,0,0,null,0.001,0,null,0,0.001,0,0,null,null,0,null,null,0,0,0,null,0,null,null,0,0,null,0,0,0,0,0.001,null,0,0.001,0,0,0.002,null,0,0,0,0,null,0,null,0,null,0,0,0.001,0,null,0,null,0,0.001,null,0,0,null,0,0,0,null,0,0,null,0,null,0,null,0,0,0,0.001,null,null,0,0,0,null,0,null,0,0,0,0,null,null,null,null
51,0,0,0,0.01,null,null,null,0,0,null,0,0,0,null,0,0,null,0,0,null,null,null,0,0,null,0.001,null,0,null,0,0,0,null,0,0,0,null,0.181,null,null,null,0.001,0,0,null,null,0,0,0,0,null,0.001,0,0,0,null,null,0,0,0,null,0,null,0,0,0,null,null,null,0,0,null,0,null,0,0,0,null,0,null,null,null,0,null,0,null,0,null,0.011,0,0,0,0,0,0,0,0,null,0,0,0,0,null,0,0,0,null,0,null,null,0,0,null,null,0.002,0,0,null,null,0,0,null,0.001,0,null,0,0.001,0,null,null,null,0,null,null,0,0,0,null,0,null,null,0,0,null,0,0,0,0,0.001,null,0,0.001,0,0,0.002,null,0,0,0,0,null,0,null,0,null,0,0,0.001,0,null,0,null,0,0.001,null,0,0,null,0,0,0,null,0,0,null,0,null,0,null,0,0,0,0.002,null,null,0,0,0,null,0,null,0,null,0,0,null,null,null,null
52,0,0,0,0.01,null,null,null,0,0,null,0,0,0,null,0,null,null,0,0,null,null,null,0,0,null,0.001,null,0,null,0,0,0,null,0,0,0,null,0.207,null,null,null,0.001,0,0,null,null,0,0,0,null,null,0.001,0,0,0,null,null,0,0,0,null,null,null,0,null,0,null,null,null,0,0,null,0,null,0,0,0,null,0,null,null,null,null,null,null,null,null,null,null,0,0,0,0,0,0,0,0,null,0,0,0,0,null,0,null,0,null,0,null,null,0,0,null,null,0.002,0,0,null,null,0,0.001,null,0.001,null,null,0,0.001,0,null,null,null,0,null,null,null,0,0,null,0,null,null,0,0,null,0,0,0,0,0.002,null,0,0.001,0,0,0.002,null,0,0,0,null,null,null,null,0,null,0,0,0.001,null,null,0,null,0,0.001,null,0,0,null,0,0,0,null,0,0,null,0,null,0,null,0,0,0,0.002,null,null,0,0,0,null,0,null,null,null,null,0,null,null,null,null
53,0,0,0,null,null,null,null,0,0,null,0,0,0,null,0,null,null,0,0,null,null,null,null,0,null,0.001,null,0,null,0,0,0,null,0,0,0,null,0.211,null,null,null,0.001,0,0,null,null,0,null,0,null,null,0.001,0,0,0,null,null,0,0,0,null,null,null,0,null,null,null,null,null,0,0,null,null,null,0,0,null,null,0,null,null,null,null,null,null,null,null,null,null,null,0,0,0,0,0,0,0,null,0,0,0,0,null,0,null,null,null,0,null,null,0,0,null,null,0.002,0,0,null,null,0,0.001,null,0.001,null,null,0,0.001,0,null,null,null,0,null,null,null,0,0,null,0,null,null,0,0,null,0,0,0,0,0.002,null,0,0.001,0,0,0.002,null,0,0,0,null,null,null,null,0,null,0.001,0,0.001,null,null,0,null,0,0.001,null,0,0,null,0,0,null,null,0,0,null,0,null,0,null,null,0,0,null,null,null,null,0,0,null,0,null,null,null,null,0,null,null,null,null
54,0,0,0,null,null,null,null,0,0,null,0,0,0,null,0,null,null,0,0,null,null,null,null,null,null,null,null,0,null,0,0,null,null,0,null,0,null,0.211,null,null,null,0.001,0,0,null,null,0,null,0,null,null,0.001,0,null,0,null,null,0,0,0,null,null,null,0,null,null,null,null,null,0,0,null,null,null,0,0,null,null,0,null,null,null,null,null,null,null,null,null,null,null,0,0,0,0,0,0,0,null,0,0,null,0,null,null,null,null,null,0,null,null,0,0,null,null,0.002,0,0,null,null,0,0.001,null,0.001,null,null,0,0.001,0,null,null,null,0,null,null,null,0,0,null,0,null,null,0,0,null,0,0,0,0,0.002,null,0,0.001,0,0,0.002,null,0,0,0,null,null,null,null,0,null,0.001,0,0.001,null,null,0,null,0,0.001,null,0,0,null,0,0,null,null,0,0,null,0,null,0,null,null,null,0,null,null,null,null,0,0,null,0,null,null,null,null,0,null,null,null,null
55,0,0,0,null,null,null,null,0,0,null,0,0,0,null,0,null,null,0,0,null,null,null,null,null,null,null,null,0,null,0,0,null,null,0,null,0,null,0.211,null,null,null,0.001,0,0,null,null,0,null,0,null,null,null,0,null,0,null,null,0,0,0,null,null,null,0,null,null,null,null,null,0,0,null,null,null,0,0,null,null,0,null,null,null,null,null,null,null,null,null,null,null,0,0,0,0,0,0,0,null,0,0,null,0,null,null,null,null,null,0,null,null,0,0,null,null,0.002,0,0,null,null,0,0.001,null,0.001,null,null,0,0.001,0,null,null,null,0,null,null,null,0,0,null,0,null,null,0,0,null,0,0,0,0,0.002,null,null,0.001,0,0,0.002,null,0,0,0,null,null,null,null,0,null,0.001,0,0.001,null,null,0,null,0,0.001,null,0,0,null,0,0,null,null,0,0,null,0,null,0,null,null,null,0,null,null,null,null,0,0,null,0,null,null,null,null,0,null,null,null,null
56,0,0,0,null,null,null,null,0,0,null,0,0,0,null,0,null,null,0,0,null,null,null,null,null,null,null,null,0,null,null,0,null,null,0,null,0,null,0.23,null,null,null,0.001,0,null,null,null,0,null,0,null,null,null,0,null,0,null,null,0,0,0,null,null,null,0,null,null,null,null,null,0,0,null,null,null,0,0,null,null,0,null,null,null,null,null,null,null,null,null,null,null,0,0,0,0,0,0,0,null,0,0,null,0,null,null,null,null,null,0,null,null,0,0,null,null,null,0,0,null,null,0,0.001,null,0.001,null,null,0,0.001,0,null,null,null,0,null,null,null,0,0,null,0,null,null,0,0,null,0,0,0,0,0.002,null,null,0.001,0,0,0.002,null,0,0,0,null,null,null,null,0,null,0.001,0,0.001,null,null,0,null,0,0.001,null,0,0,null,0,0,null,null,0,0,null,0,null,0,null,null,null,0,null,null,null,null,0,0,null,0,null,null,null,null,0,null,null,null,null
57,0,0,0,null,null,null,null,0,0,null,0,0,0,null,0,null,null,0,0,null,null,null,null,null,null,null,null,0,null,null,null,null,null,0,null,0,null,0.23,null,null,null,0.001,0,null,null,null,0,null,0,null,null,null,0,null,0,null,null,0,0,0,null,null,null,0,null,null,null,null,null,0,0,null,null,null,0,0,null,null,0,null,null,null,null,null,null,null,null,null,null,null,0,0,0,0,0,0,0,null,0,0,null,0,null,null,null,null,null,0,null,null,0,0,null,null,null,0,0,null,null,0,null,null,null,null,null,0,null,0,null,null,null,null,null,null,null,0,0,null,0,null,null,0,0,null,0,0,0,0,null,null,null,0.001,0,0,0.002,null,0,0,0,null,null,null,null,0,null,0.001,null,null,null,null,0,null,0,0.001,null,0,0,null,0,0,null,null,0,0,null,0,null,0,null,null,null,0,null,null,null,null,0,0,null,0,null,null,null,null,0,null,null,null,null
58,0,null,0,null,null,null,null,0,0,null,0,0,0,null,0,null,null,0,0,null,null,null,null,null,null,null,null,0,null,null,null,null,null,0,null,0,null,0.23,null,null,null,0.001,0,null,null,null,0,null,0,null,null,null,0,null,0,null,null,0,0,0,null,null,null,0,null,null,null,null,null,0,0,null,null,null,0,0,null,null,0,null,null,null,null,null,null,null,null,null,null,null,0,0,0,0,0,0,0,null,0,0,null,0,null,null,null,null,null,0,null,null,0,0,null,null,null,0,0,null,null,0,null,null,null,null,null,0,null,0,null,null,null,null,null,null,null,0,0,null,0,null,null,0,0,null,0,0,0,null,null,null,null,0.001,0,0,0.002,null,0,0,0,null,null,null,null,0,null,0.001,null,null,null,null,0,null,0,0.001,null,0,0,null,0,0,null,null,0,0,null,0,null,0,null,null,null,null,null,null,null,null,0,0,null,0,null,null,null,null,0,null,null,null,null
59,0,null,0,null,null,null,null,0,0,null,0,0,0,null,0,null,null,0,0,null,null,null,null,null,null,null,null,0,null,null,null,null,null,0,null,0,null,0.235,null,null,null,0.001,0,null,null,null,null,null,0,null,null,null,0,null,0,null,null,0,0,0,null,null,null,0,null,null,null,null,null,0,0,null,null,null,0,0,null,null,0,null,null,null,null,null,null,null,null,null,null,null,0,0,0,0,0,0,0,null,0,0,null,0,null,null,null,null,null,0,null,null,0,0,null,null,null,0,0,null,null,0,null,null,null,null,null,0,null,0,null,null,null,null,null,null,null,0,0,null,0,null,null,0,0,null,0,0,0,null,null,null,null,null,0,0,0.002,null,0,0,0,null,null,null,null,0,null,0.001,null,null,null,null,0,null,null,0.001,null,null,0,null,0,0,null,null,0,0,null,0,null,0,null,null,null,null,null,null,null,null,0,0,null,0,null,null,null,null,0,null,null,null,null
60,0,null,0,null,null,null,null,null,0,null,0,0,0,null,0,null,null,0,0,null,null,null,null,null,null,null,null,0,null,null,null,null,null,0,null,0,null,0.235,null,null,null,0.001,0,null,null,null,null,null,0,null,null,null,0,null,0,null,null,0,0,0,null,null,null,0,null,null,null,null,null,0,0,null,null,null,0,0,null,null,0,null,null,null,null,null,null,null,null,null,null,null,0,0,0,0,0,0,0,null,0,0,null,0,null,null,null,null,null,0,null,null,null,0,null,null,null,0,0,null,null,0,null,null,null,null,null,0,null,0,null,null,null,null,null,null,null,0,0,null,0,null,null,0,0,null,0,0,0,null,null,null,null,null,0,0,0.002,null,0,0,0,null,null,null,null,0,null,0.001,null,null,null,null,0,null,null,0.001,null,null,0,null,0,0,null,null,0,0,null,0,null,0,null,null,null,null,null,null,null,null,0,0,null,0,null,null,null,null,0,null,null,null,null
61,0,null,0,null,null,null,null,null,0,null,0,0,0,null,0,null,null,0,0,null,null,null,null,null,null,null,null,0,null,null,null,null,null,0,null,0,null,0.235,null,null,null,0.001,0,null,null,null,null,null,0,null,null,null,0,null,0,null,null,0,0,0,null,null,null,0,null,null,null,null,null,0,0,null,null,null,0,0,null,null,0,null,null,null,null,null,null,null,null,null,null,null,null,0,0,0,0,0,0,null,0,0,null,0,null,null,null,null,null,0,null,null,null,0,null,null,null,0,0,null,null,0,null,null,null,null,null,0,null,0,null,null,null,null,null,null,null,0,0,null,0,null,null,0,0,null,0,0,0,null,null,null,null,null,0,null,0.002,null,0,0,0,null,null,null,null,0,null,null,null,null,null,null,0,null,null,null,null,null,0,null,0,0,null,null,0,0,null,0,null,0,null,null,null,null,null,null,null,null,0,0,null,0,null,null,null,null,0,null,null,null,null
62,0,null,0,null,null,null,null,null,0,null,0,0,0,null,0,null,null,0,0,null,null,null,null,null,null,null,null,0,null,null,null,null,null,0,null,0,null,0.235,null,null,null,null,0,null,null,null,null,null,0,null,null,null,0,null,0,null,null,0,0,0,null,null,null,0,null,null,null,null,null,0,0,null,null,null,0,0,null,null,0,null,null,null,null,null,null,null,null,null,null,null,null,0,0,0,0,0,0,null,0,0,null,0,null,null,null,null,null,0,null,null,null,0,null,null,null,0,0,null,null,0,null,null,null,null,null,0,null,0,null,null,null,null,null,null,null,0,0,null,0,null,null,0,0,null,0,0,0,null,null,null,null,null,0,null,0.002,null,0,0,0,null,null,null,null,0,null,null,null,null,null,null,0,null,null,null,null,null,0,null,0,0,null,null,0,0,null,0,null,0,null,null,null,null,null,null,null,null,0,0,null,0,null,null,null,null,0,null,null,null,null
63,0,null,0,null,null,null,null,null,0,null,0,0,0,null,0,null,null,0,0,null,null,null,null,null,null,null,null,0,null,null,null,null,null,0,null,0,null,0.235,null,null,null,null,0,null,null,null,null,null,0,null,null,null,0,null,0,null,null,0,0,0,null,null,null,0,null,null,null,null,null,0,0,null,null,null,0,0,null,null,0,null,null,null,null,null,null,null,null,null,null,null,null,0,0,0,0,0,0,null,0,0,null,0,null,null,null,null,null,0,null,null,null,0,null,null,null,0,0,null,null,0,null,null,null,null,null,0,null,0,null,null,null,null,null,null,null,0,0,null,0,null,null,0,0,null,0,0,0,null,null,null,null,null,0,null,0.002,null,0,0,0,null,null,null,null,0,null,null,null,null,null,null,0,null,null,null,null,null,0,null,0,0,null,null,0,0,null,0,null,0,null,null,null,null,null,null,null,null,0,0,null,0,null,null,null,null,0,null,null,null,null
64,0,null,0,null,null,null,null,null,0,null,0,0,0,null,0,null,null,0,0,null,null,null,null,null,null,null,null,0,null,null,null,null,null,0,null,0,null,0.232,null,null,null,null,0,null,null,null,null,null,0,null,null,null,0,null,0,null,null,0,0,0,null,null,null,0,null,null,null,null,null,0,0,null,null,null,0,0,null,null,0,null,null,null,null,null,null,null,null,null,null,null,null,0,0,0,0,0,0,null,0,0,null,0,null,null,null,null,null,0,null,null,null,0,null,null,null,0,0,null,null,0,null,null,null,null,null,0,null,0,null,null,null,null,null,null,null,0,0,null,0,null,null,0,0,null,0,0,0,null,null,null,null,null,0,null,null,null,0,0,0,null,null,null,null,0,null,null,null,null,null,null,0,null,null,null,null,null,0,null,0,0,null,null,0,0,null,0,null,0,null,null,null,null,null,null,null,null,0,0,null,0,null,null,null,null,0,null,null,null,null
65,0,null,0,null,null,null,null,null,0,null,0,0,0,null,0,null,null,0,0,null,null,null,null,null,null,null,null,0,null,null,null,null,null,0,null,0,null,null,null,null,null,null,0,null,null,null,null,null,0,null,null,null,0,null,0,null,null,0,0,0,null,null,null,0,null,null,null,null,null,0,0,null,null,null,0,0,null,null,0,null,null,null,null,null,null,null,null,null,null,null,null,0,0,0,0,0,0,null,0,0,null,0,null,null,null,null,null,0,null,null,null,0,null,null,null,0,0,null,null,0,null,null,null,null,null,0,null,0,null,null,null,null,null,null,null,0,0,null,0,null,null,0,0,null,0,0,0,null,null,null,null,null,0,null,null,null,0,0,0,null,null,null,null,0,null,null,null,null,null,null,0,null,null,null,null,null,0,null,0,0,null,null,0,0,null,0,null,0,null,null,null,null,null,null,null,null,0,0,null,0,null,null,null,null,0,null,null,null,null
66,0,null,0,null,null,null,null,null,0,null,0,0,0,null,0,null,null,0,0,null,null,null,null,null,null,null,null,0,null,null,null,null,null,0,null,0,null,null,null,null,null,null,0,null,null,null,null,null,0,null,null,null,0,null,0,null,null,0,0,0,null,null,null,0,null,null,null,null,null,0,0,null,null,null,0,0,null,null,0,null,null,null,null,null,null,null,null,null,null,null,null,0,0,0,0,0,0,null,0,0,null,0,null,null,null,null,null,0,null,null,null,0,null,null,null,0,0,null,null,0,null,null,null,null,null,0,null,0,null,null,null,null,null,null,null,0,0,null,0,null,null,0,0,null,0,0,0,null,null,null,null,null,0,null,null,null,0,0,0,null,null,null,null,0.001,null,null,null,null,null,null,0,null,null,null,null,null,0,null,0,0,null,null,0,0,null,0,null,0,null,null,null,null,null,null,null,null,0,0,null,0,null,null,null,null,0,null,null,null,null
67,0,null,0,null,null,null,null,null,0,null,0,0,0,null,0,null,null,0,0,null,null,null,null,null,null,null,null,0,null,null,null,null,null,0,null,0,null,null,null,null,null,null,0,null,null,null,null,null,0,null,null,null,0,null,0,null,null,0,0,0,null,null,null,0,null,null,null,null,null,0,0,null,null,null,0,0,null,null,0,null,null,null,null,null,null,null,null,null,null,null,null,0,0,0,0,0,0,null,0,0,null,0,null,null,null,null,null,0,null,null,null,0,null,null,null,0,0,null,null,0,null,null,null,null,null,0,null,0,null,null,null,null,null,null,null,0,0,null,0,null,null,0,0,null,0,0,0,null,null,null,null,null,0,null,null,null,0,0,0,null,null,null,null,0.001,null,null,null,null,null,null,0,null,null,null,null,null,0,null,0,0,null,null,0,0,null,0,null,0,null,null,null,null,null,null,null,null,0,0,null,0,null,null,null,null,0,null,null,null,null
68,0,null,0,null,null,null,null,null,0,null,0,0,0,null,0,null,null,0,0,null,null,null,null,null,null,null,null,0,null,null,null,null,null,0,null,0,null,null,null,null,null,null,0,null,null,null,null,null,0,null,null,null,0,null,0,null,null,0,0,0,null,null,null,0,null,null,null,null,null,0,0,null,null,null,0,0,null,null,0,null,null,null,null,null,null,null,null,null,null,null,null,0,0,0,0,0,0,null,0,0,null,0,null,null,null,null,null,0,null,null,null,0,null,null,null,0,0,null,null,0,null,null,null,null,null,0,null,0,null,null,null,null,null,null,null,0,0,null,0,null,null,0,0,null,0,0,0,null,null,null,null,null,0,null,null,null,0,0,0,null,null,null,null,0.001,null,null,null,null,null,null,0,null,null,null,null,null,0,null,0,0,null,null,0,0,null,0,null,0,null,null,null,null,null,null,null,null,0,0,null,0,null,null,null,null,0,null,null,null,null
69,0,null,0,null,null,null,null,null,0,null,0,0,0,null,0,null,null,0,0,null,null,null,null,null,null,null,null,0,null,null,null,null,null,0,null,0,null,null,null,null,null,null,0,null,null,null,null,null,0,null,null,null,0,null,0,null,null,0,0,0,null,null,null,0,null,null,null,null,null,0,0,null,null,null,0,0,null,null,0,null,null,null,null,null,null,null,null,null,null,null,null,0,0,0,0,0,0,null,0,0,null,0,null,null,null,null,null,0,null,null,null,0,null,null,null,0,0,null,null,0,null,null,null,null,null,0,null,0,null,null,null,null,null,null,null,0,0,null,0,null,null,0,0,null,0,0,0,null,null,null,null,null,0,null,null,null,0,0,0,null,null,null,null,0.001,null,null,null,null,null,null,0,null,null,null,null,null,0,null,0,0,null,null,0,0,null,0,null,0,null,null,null,null,null,null,null,null,0,0,null,0,null,null,null,null,0,null,null,null,null
70,0,null,0,null,null,null,null,null,0,null,0,0,0,null,0,null,null,0,0,null,null,null,null,null,null,null,null,0,null,null,null,null,null,0,null,0,null,null,null,null,null,null,0,null,null,null,null,null,0,null,null,null,0,null,0,null,null,0,0,0,null,null,null,0,null,null,null,null,null,0,0,null,null,null,0,0,null,null,0,null,null,null,null,null,null,null,null,null,null,null,null,0,0,0,0,0,0,null,0,0,null,0,null,null,null,null,null,0,null,null,null,0,null,null,null,0,0,null,null,0,null,null,null,null,null,0,null,0,null,null,null,null,null,null,null,0,0,null,0,null,null,0,0,null,0,0,0,null,null,null,null,null,0,null,null,null,0,0,0,null,null,null,null,0.001,null,null,null,null,null,null,0,null,null,null,null,null,0,null,0,0,null,null,0,0,null,0,null,0,null,null,null,null,null,null,null,null,0,0,null,0,null,null,null,null,0,null,null,null,null
71,0,null,0,null,null,null,null,null,0,null,0,0,0,null,0,null,null,0,0,null,null,null,null,null,null,null,null,0,null,null,null,null,null,0,null,0,null,null,null,null,null,null,0,null,null,null,null,null,0,null,null,null,0,null,0,null,null,0,0,0,null,null,null,0,null,null,null,null,null,0,0,null,null,null,0,0,null,null,0,null,null,null,null,null,null,null,null,null,null,null,null,0,0,0,0,0,0,null,0,0,null,0,null,null,null,null,null,0,null,null,null,0,null,null,null,0,0,null,null,0,null,null,null,null,null,0,null,0,null,null,null,null,null,null,null,0,0,null,0,null,null,0,0,null,0,0,0,null,null,null,null,null,0,null,null,null,0,0,0,null,null,null,null,0.002,null,null,null,null,null,null,0,null,null,null,null,null,0,null,0,0,null,null,0,0,null,0,null,0,null,null,null,null,null,null,null,null,0,0,null,0,null,null,null,null,0,null,null,null,null
72,0,null,0,null,null,null,null,null,0,null,0,0,0,null,0,null,null,0,0,null,null,null,null,null,null,null,null,0,null,null,null,null,null,0,null,0,null,null,null,null,null,null,0,null,null,null,null,null,0,null,null,null,0,null,0,null,null,0,0,0,null,null,null,0,null,null,null,null,null,0,0,null,null,null,0,0,null,null,0,null,null,null,null,null,null,null,null,null,null,null,null,0,0,0,0,0,0,null,0,0,null,0,null,null,null,null,null,0,null,null,null,0,null,null,null,0,0,null,null,0,null,null,null,null,null,0,null,0.001,null,null,null,null,null,null,null,0,0,null,0,null,null,0,0,null,0,0,0,null,null,null,null,null,0,null,null,null,0,0,0,null,null,null,null,0.002,null,null,null,null,null,null,0,null,null,null,null,null,0,null,0,0,null,null,0,0,null,0,null,0,null,null,null,null,null,null,null,null,0,0,null,0,null,null,null,null,0,null,null,null,null
73,0,null,0,null,null,null,null,null,0,null,0,0,0,null,0,null,null,0,0,null,null,null,null,null,null,null,null,0,null,null,null,null,null,0,null,0,null,null,null,null,null,null,0,null,null,null,null,null,0,null,null,null,0,null,0,null,null,0,0,0,null,null,null,0,null,null,null,null,null,0,0,null,null,null,0,0,null,null,0,null,null,null,null,null,null,null,null,null,null,null,null,0,0,0,0,0,0,null,0,0,null,0,null,null,null,null,null,0,null,null,null,0,null,null,null,0,0,null,null,0,null,null,null,null,null,0,null,0.001,null,null,null,null,null,null,null,0,0,null,0,null,null,0,0,null,0,0,0,null,null,null,null,null,0,null,null,null,0,0,0,null,null,null,null,0.002,null,null,null,null,null,null,0,null,null,null,null,null,0,null,0,0,null,null,0,0,null,0,null,0,null,null,null,null,null,null,null,null,0,0,null,0,null,null,null,null,0,null,null,null,null
74,0,null,0,null,null,null,null,null,0,null,0,0,0,null,0,null,null,0,0,null,null,null,null,null,null,null,null,0,null,null,null,null,null,0,null,0,null,null,null,null,null,null,0,null,null,null,null,null,0,null,null,null,0,null,0,null,null,0,0,0,null,null,null,0,null,null,null,null,null,0,0,null,null,null,0,0,null,null,0,null,null,null,null,null,null,null,null,null,null,null,null,0,0,0,0,0,0,null,0,0,null,0,null,null,null,null,null,0,null,null,null,0,null,null,null,0,0.001,null,null,0,null,null,null,null,null,0,null,0.001,null,null,null,null,null,null,null,0,0,null,0,null,null,0,0,null,0,0,0,null,null,null,null,null,0,null,null,null,0,0,0,null,null,null,null,0.002,null,null,null,null,null,null,0,null,null,null,null,null,0,null,0,0,null,null,0,0,null,0,null,0,null,null,null,null,null,null,null,null,0,0,null,0,null,null,null,null,0,null,null,null,null
75,0,null,0,null,null,null,null,null,0,null,0,0,0,null,0,null,null,0,0,null,null,null,null,null,null,null,null,0,null,null,null,null,null,0,null,0,null,null,null,null,null,null,0,null,null,null,null,null,0,null,null,null,0,null,0,null,null,0,0,0,null,null,null,0,null,null,null,null,null,0,0,null,null,null,0,0,null,null,0,null,null,null,null,null,null,null,null,null,null,null,null,0,0,0,0,0,0,null,0,0,null,0,null,null,null,null,null,0,null,null,null,0,null,null,null,0,0.001,null,null,0,null,null,null,null,null,0,null,0.001,null,null,null,null,null,null,null,0,0,null,0,null,null,0,0,null,0,0,0,null,null,null,null,null,0,null,null,null,0,0,0,null,null,null,null,0.003,null,null,null,null,null,null,0,null,null,null,null,null,0,null,0,0,null,null,0,0,null,0,null,0,null,null,null,null,null,null,null,null,0,0,null,0,null,null,null,null,0,null,null,null,null
76,0,null,0,null,null,null,null,null,0,null,0,0,0,null,0,null,null,0,0,null,null,null,null,null,null,null,null,0,null,null,null,null,null,0,null,0,null,null,null,null,null,null,0,null,null,null,null,null,0,null,null,null,0,null,0,null,null,0,0,0,null,null,null,0,null,null,null,null,null,0,0,null,null,null,0,0,null,null,0,null,null,null,null,null,null,null,null,null,null,null,null,0,0,0,0,0,0,null,0,0,null,0,null,null,null,null,null,0,null,null,null,0,null,null,null,0,0.001,null,null,0,null,null,null,null,null,0,null,0.001,null,null,null,null,null,null,null,0,0,null,0,null,null,0,0,null,0,0,0,null,null,null,null,null,0,null,null,null,0,0,0,null,null,null,null,0.003,null,null,null,null,null,null,0,null,null,null,null,null,0,null,0,0,null,null,0,0,null,0,null,0,null,null,null,null,null,null,null,null,0,0,null,0,null,null,null,null,0,null,null,null,null
77,0,null,0,null,null,null,null,null,0,null,0,0,0,null,0,null,null,0,0,null,null,null,null,null,null,null,null,0,null,null,null,null,null,0,null,0,null,null,null,null,null,null,0,null,null,null,null,null,0,null,null,null,0,null,0,null,null,0,0,0,null,null,null,0,null,null,null,null,null,0,0,null,null,null,0,0,null,null,0,null,null,null,null,null,null,null,null,null,null,null,null,0.001,0,0,0,0,0,null,0,0,null,0,null,null,null,null,null,0,null,null,null,0,null,null,null,0,0.001,null,null,0,null,null,null,null,null,0,null,0.001,null,null,null,null,null,null,null,0,0,null,0,null,null,0,0,null,0,0,0,null,null,null,null,null,0,null,null,null,0,0,0,null,null,null,null,0.003,null,null,null,null,null,null,0,null,null,null,null,null,0,null,0,0,null,null,0,0,null,0,null,0,null,null,null,null,null,null,null,null,0,0,null,0,null,null,null,null,0,null,null,null,null
78,0,null,0,null,null,null,null,null,0,null,0,0,0,null,0,null,null,0,0,null,null,null,null,null,null,null,null,0,null,null,null,null,null,0,null,0,null,null,null,null,null,null,0,null,null,null,null,null,0,null,null,null,0,null,0,null,null,0,0,0,null,null,null,0,null,null,null,null,null,0,0,null,null,null,0,0,null,null,0,null,null,null,null,null,null,null,null,null,null,null,null,0.001,0,0,0,0,0,null,0,0,null,0,null,null,null,null,null,0,null,null,null,0,null,null,null,0,0.001,null,null,0,null,null,null,null,null,0,null,0.001,null,null,null,null,null,null,null,0,0,null,0,null,null,0,0,null,0,0,0,null,null,null,null,null,0,null,null,null,0,0,0,null,null,null,null,0.003,null,null,null,null,null,null,0,null,null,null,null,null,0,null,0,0,null,null,0,0,null,0,null,0,null,null,null,null,null,null,null,null,0,0,null,0,null,null,null,null,0,null,null,null,null
79,0,null,0,null,null,null,null,null,0,null,0,0,0,null,0,null,null,0,0,null,null,null,null,null,null,null,null,0,null,null,null,null,null,0,null,0,null,null,null,null,null,null,0,null,null,null,null,null,0,null,null,null,0,null,0,null,null,0,0,0,null,null,null,0,null,null,null,null,null,0,0,null,null,null,0,0,null,null,0,null,null,null,null,null,null,null,null,null,null,null,null,0.001,0,0,0,0,0,null,0,0.001,null,0,null,null,null,null,null,0,null,null,null,0,null,null,null,0,0.002,null,null,0,null,null,null,null,null,0,null,0.001,null,null,null,null,null,null,null,0,0,null,0,null,null,0,0,null,0,0,0,null,null,null,null,null,0,null,null,null,0,0,0,null,null,null,null,0.003,null,null,null,null,null,null,0,null,null,null,null,null,0,null,0,0,null,null,0,0,null,0,null,0,null,null,null,null,null,null,null,null,0,0,null,0,null,null,null,null,0,null,null,null,null
80,0,null,0,null,null,null,null,null,0,null,0,0,0,null,0,null,null,0,0,null,null,null,null,null,null,null,null,0,null,null,null,null,null,0,null,0,null,null,null,null,null,null,0,null,null,null,null,null,0,null,null,null,0,null,0,null,null,0,0,0,null,null,null,0,null,null,null,null,null,0,0,null,null,null,0,0,null,null,0,null,null,null,null,null,null,null,null,null,null,null,null,0.001,0,0,0,0,0,null,0,0.001,null,0,null,null,null,null,null,0,null,null,null,0,null,null,null,0,0.002,null,null,0,null,null,null,null,null,0,null,0.001,null,null,null,null,null,null,null,0,0,null,0,null,null,0,0,null,0,0,0,null,null,null,null,null,0,null,null,null,0,0,0,null,null,null,null,0.004,null,null,null,null,null,null,0,null,null,null,null,null,0,null,0,0,null,null,0,0,null,0,null,0,null,null,null,null,null,null,null,null,0,0,null,0,null,null,null,null,0,null,null,null,null
81,0,null,0,null,null,null,null,null,0,null,0,0,0,null,0,null,null,0,0,null,null,null,null,null,null,null,null,0,null,null,null,null,null,0,null,0,null,null,null,null,null,null,0,null,null,null,null,null,0,null,null,null,0,null,0,null,null,0,0,0,null,null,null,0,null,null,null,null,null,0,0,null,null,null,0,0,null,null,0,null,null,null,null,null,null,null,null,null,null,null,null,0.001,0,0,0,0,0,null,0,0.001,null,0,null,null,null,null,null,0,null,null,null,0,null,null,null,0,0.002,null,null,0,null,null,null,null,null,0,null,0.001,null,null,null,null,null,null,null,0,0,null,0,null,null,0,0,null,0,0,0,null,null,null,null,null,0,null,null,null,0,0,0,null,null,null,null,0.004,null,null,null,null,null,null,0,null,null,null,null,null,0,null,0,0,null,null,0,0,null,0,null,0,null,null,null,null,null,null,null,null,0,0,null,0,null,null,null,null,0,null,null,null,null
82,0,null,0,null,null,null,null,null,0,null,0,0,0,null,0,null,null,0,0,null,null,null,null,null,null,null,null,0,null,null,null,null,null,0,null,0,null,null,null,null,null,null,0,null,null,null,null,null,0,null,null,null,0,null,0,null,null,0,0,0,null,null,null,0,null,null,null,null,null,0,0,null,null,null,0,0,null,null,0,null,null,null,null,null,null,null,null,null,null,null,null,0.001,0,0,0,0,0,null,0,0.001,null,0,null,null,null,null,null,0,null,null,null,0,null,null,null,0,0.003,null,null,0,null,null,null,null,null,0,null,0.001,null,null,null,null,null,null,null,0,0,null,0,null,null,0,0,null,0,0,0,null,null,null,null,null,0,null,null,null,0,0,0,null,null,null,null,0.004,null,null,null,null,null,null,0,null,null,null,null,null,0,null,0,0,null,null,0,0.001,null,0,null,0,null,null,null,null,null,null,null,null,0,0,null,0,null,null,null,null,0,null,null,null,null
83,0,null,0,null,null,null,null,null,0,null,0,0,0,null,0,null,null,0,0,null,null,null,null,null,null,null,null,0,null,null,null,null,null,0,null,0,null,null,null,null,null,null,0,null,null,null,null,null,0,null,null,null,0,null,0,null,null,0,0,0,null,null,null,0,null,null,null,null,null,0,0,null,null,null,0,0,null,null,0,null,null,null,null,null,null,null,null,null,null,null,null,0.001,0,0,0,0,0,null,0,0.001,null,0,null,null,null,null,null,0,null,null,null,0,null,null,null,0,0.003,null,null,0,null,null,null,null,null,0,null,0.002,null,null,null,null,null,null,null,0,0,null,0,null,null,0,0,null,0,0,0,null,null,null,null,null,0,null,null,null,0,0,0,null,null,null,null,0.004,null,null,null,null,null,null,0,null,null,null,null,null,0,null,0.001,0,null,null,0,0.001,null,0,null,0,null,null,null,null,null,null,null,null,0,0,null,0,null,null,null,null,0,null,null,null,null
84,0,null,0,null,null,null,null,null,0,null,0,0,0,null,0,null,null,0,0,null,null,null,null,null,null,null,null,0,null,null,null,null,null,0,null,0,null,null,null,null,null,null,0,null,null,null,null,null,0,null,null,null,0,null,0,null,null,0,0,0,null,null,null,0,null,null,null,null,null,0,0,null,null,null,0,0,null,null,0,null,null,null,null,null,null,null,null,null,null,null,null,0.002,0,0,0,0,0,null,0,0.001,null,0,null,null,null,null,null,0,null,null,null,0,null,null,null,0,0.003,null,null,0,null,null,null,null,null,0,null,0.002,null,null,null,null,null,null,null,0,0,null,0,null,null,0,0,null,0,0,0,null,null,null,null,null,0,null,null,null,0,0,0,null,null,null,null,0.006,null,null,null,null,null,null,0,null,null,null,null,null,0,null,0.001,0,null,null,0,0.001,null,0,null,0,null,null,null,null,null,null,null,null,0,0,null,0,null,null,null,null,0,null,null,null,null
85,0,null,0,null,null,null,null,null,0,null,0,0.001,0,null,0,null,null,0,0,null,null,null,null,null,null,null,null,0,null,null,null,null,null,0,null,0,null,null,null,null,null,null,0,null,null,null,null,null,0,null,null,null,0,null,0,null,null,0,0,0,null,null,null,0,null,null,null,null,null,0,0,null,null,null,0,0,null,null,0,null,null,null,null,null,null,null,null,null,null,null,null,0.002,0,0,0,0,0,null,0,0.001,null,0,null,null,null,null,null,0,null,null,null,0,null,null,null,0,0.003,null,null,0,null,null,null,null,null,0,null,0.002,null,null,null,null,null,null,null,0,0,null,0,null,null,0,0,null,0,0,0,null,null,null,null,null,0,null,null,null,0,0,0,null,null,null,null,0.006,null,null,null,null,null,null,0,null,null,null,null,null,0,null,0.001,0,null,null,0,0.001,null,0,null,0,null,null,null,null,null,null,null,null,0,0,null,0,null,null,null,null,0,null,null,null,null
86,0,null,0,null,null,null,null,null,0,null,0,0.001,0,null,0,null,null,0,0,null,null,null,null,null,null,null,null,0,null,null,null,null,null,0,null,0,null,null,null,null,null,null,0,null,null,null,null,null,0,null,null,null,0,null,0,null,null,0,0,0,null,null,null,0.001,null,null,null,null,null,0,0,null,null,null,0,0,null,null,0,null,null,null,null,null,null,null,null,null,null,null,null,0.002,0,0,0,0,0,null,0,0.001,null,0,null,null,null,null,null,0,null,null,null,0,null,null,null,0,0.004,null,null,0,null,null,null,null,null,0,null,0.002,null,null,null,null,null,null,null,0,0,null,0,null,null,0,0,null,0,0,0,null,null,null,null,null,0,null,null,null,0,0,0,null,null,null,null,0.006,null,null,null,null,null,null,0,null,null,null,null,null,0,null,0.001,0,null,null,0,0.001,null,0,null,0,null,null,null,null,null,null,null,null,0,0,null,0,null,null,null,null,0,null,null,null,null
87,0,null,0,null,null,null,null,null,0,null,0,0.001,0,null,0,null,null,0,0,null,null,null,null,null,null,null,null,0,null,null,null,null,null,0,null,0,null,null,null,null,null,null,0,null,null,null,null,null,0,null,null,null,0,null,0,null,null,0,0,0,null,null,null,0.001,null,null,null,null,null,0,0,null,null,null,0,0,null,null,0,null,null,null,null,null,null,null,null,null,null,null,null,0.002,0,0,0,0,0,null,0,0.001,null,0,null,null,null,null,null,0,null,null,null,0,null,null,null,0,0.004,null,null,0,null,null,null,null,null,0,null,0.002,null,null,null,null,null,null,null,0,0,null,0,null,null,0,0,null,0.001,0,0,null,null,null,null,null,0,null,null,null,0,0,0,null,null,null,null,0.006,null,null,null,null,null,null,0,null,null,null,null,null,0,null,0.001,0,null,null,0,0.001,null,0,null,0,null,null,null,null,null,null,null,null,0,0,null,0,null,null,null,null,0,null,null,null,null
88,0,null,0,null,null,null,null,null,0,null,0,0.001,0,null,0,null,null,0,0.001,null,null,null,null,null,null,null,null,0,null,null,null,null,null,0,null,0,null,null,null,null,null,null,0,null,null,null,null,null,0,null,null,null,0,null,0,null,null,0,0,0,null,null,null,0.001,null,null,null,null,null,0,0,null,null,null,0,0.001,null,null,0,null,null,null,null,null,null,null,null,null,null,null,null,0.002,0,0,0,0,0,null,0,0.001,null,0,null,null,null,null,null,0,null,null,null,0,null,null,null,0,0.004,null,null,0,null,null,null,null,null,0,null,0.002,null,null,null,null,null,null,null,0,0,null,0,null,null,0,0,null,0.001,0,0,null,null,null,null,null,0,null,null,null,0,0,0,null,null,null,null,0.007,null,null,null,null,null,null,0,null,null,null,null,null,0,null,0.001,0,null,null,0,0.001,null,0,null,0,null,null,null,null,null,null,null,null,0,0,null,0,null,null,null,null,0,null,null,null,null
89,0,null,0,null,null,null,null,null,0,null,0,0.001,0,null,0,null,null,0,0.001,null,null,null,null,null,null,null,null,0,null,null,null,null,null,0,null,0,null,null,null,null,null,null,0,null,null,null,null,null,0,null,null,null,0,null,0,null,null,0,0,0,null,null,null,0.001,null,null,null,null,null,0,0,null,null,null,0,0.001,null,null,0,null,null,null,null,null,null,null,null,null,null,null,null,0.003,0,0,0,0,0.001,null,0.001,0.001,null,0,null,null,null,null,null,0,null,null,null,0,null,null,null,0,0.004,null,null,0,null,null,null,null,null,0,null,0.002,null,null,null,null,null,null,null,0,0,null,0,null,null,0,0,null,0.001,0,0,null,null,null,null,null,0,null,null,null,0,0,0,null,null,null,null,0.007,null,null,null,null,null,null,0,null,null,null,null,null,0,null,0.001,0,null,null,0,0.001,null,0,null,0,null,null,null,null,null,null,null,null,0,0,null,0,null,null,null,null,0,null,null,null,null
90,0,null,0,null,null,null,null,null,0,null,0,0.001,0,null,0,null,null,0,0.001,null,null,null,null,null,null,null,null,0,null,null,null,null,null,0,null,0,null,null,null,null,null,null,0,null,null,null,null,null,0,null,null,null,0,null,0,null,null,0,0,0,null,null,null,0.001,null,null,null,null,null,0,0.001,null,null,null,0,0.001,null,null,0,null,null,null,null,null,null,null,null,null,null,null,null,0.003,0,0,0,0,0.001,null,0.001,0.002,null,0,null,null,null,null,null,0,null,null,null,0,null,null,null,0,0.004,null,null,0,null,null,null,null,null,0,null,0.002,null,null,null,null,null,null,null,0,0.001,null,0,null,null,0,0,null,0.001,0,0,null,null,null,null,null,0,null,null,null,0,0,0,null,null,null,null,0.007,null,null,null,null,null,null,0,null,null,null,null,null,0,null,0.002,0,null,null,0,0.002,null,0,null,0,null,null,null,null,null,null,null,null,0,0,null,0,null,null,null,null,0,null,null,null,null
91,0,null,0,null,null,null,null,null,0,null,0,0.001,0,null,0,null,null,0,0.001,null,null,null,null,null,null,null,null,0,null,null,null,null,null,0,null,0,null,null,null,null,null,null,0,null,null,null,null,null,0,null,null,null,0,null,0,null,null,0,0,0,null,null,null,0.001,null,null,null,null,null,0,0.001,null,null,null,0,0.001,null,null,0,null,null,null,null,null,null,null,null,null,null,null,null,0.003,0,0,0,0,0.001,null,0.001,0.002,null,0,null,null,null,null,null,0,null,null,null,0,null,null,null,0,0.005,null,null,0,null,null,null,null,null,0,null,0.002,null,null,null,null,null,null,null,0,0.001,null,0,null,null,0,0,null,0.001,0,0,null,null,null,null,null,0,null,null,null,0,0,0,null,null,null,null,0.007,null,null,null,null,null,null,0,null,null,null,null,null,0,null,0.002,0,null,null,0,0.002,null,0,null,0,null,null,null,null,null,null,null,null,0,0,null,0,null,null,null,null,0,null,null,null,null
92,0,null,0,null,null,null,null,null,0,null,0,0.001,0,null,0,null,null,0,0.001,null,null,null,null,null,null,null,null,0,null,null,null,null,null,0,null,0,null,null,null,null,null,null,0,null,null,null,null,null,0,null,null,null,0,null,0,null,null,0,0,0,null,null,null,0.001,null,null,null,null,null,0,0.001,null,null,null,0,0.001,null,null,0,null,null,null,null,null,null,null,null,null,null,null,null,0.003,0,0,0.001,0,0.001,null,0.001,0.002,null,0,null,null,null,null,null,0,null,null,null,0,null,null,null,0,0.005,null,null,0,null,null,null,null,null,0,null,0.002,null,null,null,null,null,null,null,0,0.001,null,0,null,null,0,0,null,0.001,0,0,null,null,null,null,null,0,null,null,null,0,0,0,null,null,null,null,0.007,null,null,null,null,null,null,0,null,null,null,null,null,0,null,0.002,0,null,null,0,0.002,null,0,null,0,null,null,null,null,null,null,null,null,0,0,null,0.001,null,null,null,null,0,null,null,null,null
93,0,null,0,null,null,null,null,null,0,null,0,0.001,0,null,0,null,null,0,0.001,null,null,null,null,null,null,null,null,0,null,null,null,null,null,0,null,0,null,null,null,null,null,null,0,null,null,null,null,null,0,null,null,null,0,null,0,null,null,0,0,0,null,null,null,0.001,null,null,null,null,null,0,0.001,null,null,null,0,0.001,null,null,0,null,null,null,null,null,null,null,null,null,null,null,null,0.003,0,0,0.001,0,0.001,null,0.001,0.002,null,0,null,null,null,null,null,0,null,null,null,0,null,null,null,0,0.005,null,null,0,null,null,null,null,null,0,null,0.002,null,null,null,null,null,null,null,0,0.001,null,0,null,null,0,0,null,0.001,0,0,null,null,null,null,null,0,null,null,null,0,0,0,null,null,null,null,0.007,null,null,null,null,null,null,0,null,null,null,null,null,0,null,0.002,0,null,null,0,0.002,null,0,null,0,null,null,null,null,null,null,null,null,0,0,null,0.001,null,null,null,null,0,null,null,null,null
94,0,null,0,null,null,null,null,null,0,null,0,0.001,0,null,0,null,null,0,0.001,null,null,null,null,null,null,null,null,0,null,null,null,null,null,0,null,0,null,null,null,null,null,null,0,null,null,null,null,null,0,null,null,null,0,null,0.001,null,null,0,0,0,null,null,null,0.001,null,null,null,null,null,0,0.001,null,null,null,0,0.001,null,null,0,null,null,null,null,null,null,null,null,null,null,null,null,0.003,0,0,0.001,0,0.001,null,0.001,0.002,null,0,null,null,null,null,null,0,null,null,null,0,null,null,null,0,0.005,null,null,0,null,null,null,null,null,0,null,0.002,null,null,null,null,null,null,null,0,0.001,null,0,null,null,0,0,null,0.001,0,0,null,null,null,null,null,0,null,null,null,0.001,0,0,null,null,null,null,0.007,null,null,null,null,null,null,0,null,null,null,null,null,0,null,0.002,0,null,null,0,0.002,null,0,null,0,null,null,null,null,null,null,null,null,0,0,null,0.001,null,null,null,null,0,null,null,null,null
95,0,null,0,null,null,null,null,null,0,null,0,0.001,0,null,0,null,null,0,0.001,null,null,null,null,null,null,null,null,0,null,null,null,null,null,0,null,0,null,null,null,null,null,null,0,null,null,null,null,null,0,null,null,null,0,null,0.001,null,null,0,0,0,null,null,null,0.001,null,null,null,null,null,0,0.001,null,null,null,0,0.001,null,null,0,null,null,null,null,null,null,null,null,null,null,null,null,0.004,0,0,0.001,0,0.001,null,0.001,0.002,null,0,null,null,null,null,null,0,null,null,null,0,null,null,null,0,0.005,null,null,0,null,null,null,null,null,0,null,0.002,null,null,null,null,null,null,null,0,0.001,null,0,null,null,0,0,null,0.001,0,0,null,null,null,null,null,0,null,null,null,0.001,0,0,null,null,null,null,0.007,null,null,null,null,null,null,0,null,null,null,null,null,0,null,0.002,0,null,null,0.001,0.002,null,0,null,0,null,null,null,null,null,null,null,null,0,0.001,null,0.001,null,null,null,null,0,null,null,null,null
96,0,null,0,null,null,null,null,null,0,null,0,0.001,0,null,0,null,null,0,0.001,null,null,null,null,null,null,null,null,0,null,null,null,null,null,0,null,0,null,null,null,null,null,null,0,null,null,null,null,null,0,null,null,null,0,null,0.001,null,null,0,0,0,null,null,null,0.001,null,null,null,null,null,0,0.001,null,null,null,0,0.001,null,null,0,null,null,null,null,null,null,null,null,null,null,null,null,0.004,0,0,0.001,0,0.001,null,0.001,0.002,null,0,null,null,null,null,null,0,null,null,null,0,null,null,null,0,0.005,null,null,0,null,null,null,null,null,0,null,0.002,null,null,null,null,null,null,null,0,0.001,null,0,null,null,0,0,null,0.001,0,0,null,null,null,null,null,0,null,null,null,0.001,0,0,null,null,null,null,0.008,null,null,null,null,null,null,0,null,null,null,null,null,0,null,0.003,0,null,null,0.001,0.002,null,0,null,0,null,null,null,null,null,null,null,null,0,0.001,null,0.001,null,null,null,null,0,null,null,null,null
97,0,null,0,null,null,null,null,null,0,null,0,0.001,0,null,0,null,null,0,0.002,null,null,null,null,null,null,null,null,0,null,null,null,null,null,0,null,0,null,null,null,null,null,null,0,null,null,null,null,null,0,null,null,null,0,null,0.001,null,null,0,0,0,null,null,null,0.001,null,null,null,null,null,0,0.001,null,null,null,0,0.001,null,null,0,null,null,null,null,null,null,null,null,null,null,null,null,0.004,0,0,0.001,0,0.001,null,0.001,0.002,null,0,null,null,null,null,null,0,null,null,null,0,null,null,null,0,0.005,null,null,0,null,null,null,null,null,0,null,0.002,null,null,null,null,null,null,null,0,0.001,null,0,null,null,0,0,null,0.001,0,0,null,null,null,null,null,0,null,null,null,0.001,0,0,null,null,null,null,0.008,null,null,null,null,null,null,0,null,null,null,null,null,0,null,0.003,0,null,null,0.001,0.002,null,0,null,0,null,null,null,null,null,null,null,null,0,0.001,null,0.001,null,null,null,null,0,null,null,null,null
98,0,null,0,null,null,null,null,null,0,null,0,0.001,0,null,0,null,null,0,0.002,null,null,null,null,null,null,null,null,0,null,null,null,null,null,0,null,0,null,null,null,null,null,null,0,null,null,null,null,null,0,null,null,null,0,null,0.001,null,null,0,0,0,null,null,null,0.001,null,null,null,null,null,0,0.001,null,null,null,0,0.001,null,null,0,null,null,null,null,null,null,null,null,null,null,null,null,0.004,0,0,0.001,0,0.001,null,0.001,0.002,null,0,null,null,null,null,null,0,null,null,null,0,null,null,null,0,0.005,null,null,0,null,null,null,null,null,0,null,0.002,null,null,null,null,null,null,null,0,0.001,null,0,null,null,0,0,null,0.001,0,0,null,null,null,null,null,0,null,null,null,0.001,0,0,null,null,null,null,0.008,null,null,null,null,null,null,0,null,null,null,null,null,0,null,0.003,0,null,null,0.001,0.002,null,0,null,0,null,null,null,null,null,null,null,null,0,0.001,null,0.001,null,null,null,null,0,null,null,null,null
99,0,null,0,null,null,null,null,null,0,null,0,0.001,0,null,0.001,null,null,0,0.002,null,null,null,null,null,null,null,null,0,null,null,null,null,null,0,null,0,null,null,null,null,null,null,0,null,null,null,null,null,0,null,null,null,0,null,0.001,null,null,0,0,0,null,null,null,0.001,null,null,null,null,null,0.001,0.001,null,null,null,0,0.001,null,null,0,null,null,null,null,null,null,null,null,null,null,null,null,0.004,0,0,0.001,0,0.001,null,0.001,0.002,null,0,null,null,null,null,null,0,null,null,null,0,null,null,null,0,0.005,null,null,0,null,null,null,null,null,0,null,0.002,null,null,null,null,null,null,null,0,0.001,null,0,null,null,0,0,null,0.001,0,0,null,null,null,null,null,0,null,null,null,0.001,0,0,null,null,null,null,0.008,null,null,null,null,null,null,0,null,null,null,null,null,0,null,0.003,0,null,null,0.001,0.003,null,0,null,0,null,null,null,null,null,null,null,null,0,0.001,null,0.001,null,null,null,null,0,null,null,null,null
100,0,null,0,null,null,null,null,null,0,null,0,0.001,0,null,0.001,null,null,0,0.002,null,null,null,null,null,null,null,null,0,null,null,null,null,null,0,null,0,null,null,null,null,null,null,0,null,null,null,null,null,0,null,null,null,0,null,0.001,null,null,0,0,0,null,null,null,0.001,null,null,null,null,null,0.001,0.001,null,null,null,0,0.001,null,null,0,null,null,null,null,null,null,null,null,null,null,null,null,0.004,0,0,0.001,0,0.002,null,0.001,0.002,null,0,null,null,null,null,null,0,null,null,null,0,null,null,null,0,0.005,null,null,0,null,null,null,null,null,0,null,0.002,null,null,null,null,null,null,null,0,0.001,null,0,null,null,0,0.001,null,0.001,0,0,null,null,null,null,null,0,null,null,null,0.001,0,0,null,null,null,null,0.009,null,null,null,null,null,null,0,null,null,null,null,null,0,null,0.003,0,null,null,0.001,0.003,null,0,null,0,null,null,null,null,null,null,null,null,0,0.001,null,0.001,null,null,null,null,0,null,null,null,null
101,0,null,0,null,null,null,null,null,0,null,0,0.001,0,null,0.001,null,null,0,0.002,null,null,null,null,null,null,null,null,0,null,null,null,null,null,0,null,0.001,null,null,null,null,null,null,0,null,null,null,null,null,0,null,null,null,0,null,0.001,null,null,0,0,0,null,null,null,0.001,null,null,null,null,null,0.001,0.001,null,null,null,0,0.001,null,null,0,null,null,null,null,null,null,null,null,null,null,null,null,0.005,0,0,0.001,0,0.002,null,0.001,0.002,null,0,null,null,null,null,null,0,null,null,null,0,null,null,null,0,0.006,null,null,0,null,null,null,null,null,0,null,0.002,null,null,null,null,null,null,null,0,0.001,null,0,null,null,0,0.001,null,0.001,0,0,null,null,null,null,null,0,null,null,null,0.001,0,0,null,null,null,null,0.01,null,null,null,null,null,null,0,null,null,null,null,null,0,null,0.003,0,null,null,0.001,0.003,null,0,null,0,null,null,null,null,null,null,null,null,0.001,0.001,null,0.001,null,null,null,null,0,null,null,null,null
102,0,null,0,null,null,null,null,null,0,null,0,0.001,0,null,0.001,null,null,0.001,0.002,null,null,null,null,null,null,null,null,0,null,null,null,null,null,0,null,0.001,null,null,null,null,null,null,0,null,null,null,null,null,0,null,null,null,0.001,null,0.001,null,null,0,0,0,null,null,null,0.001,null,null,null,null,null,0.001,0.001,null,null,null,0,0.001,null,null,0,null,null,null,null,null,null,null,null,null,null,null,null,0.005,0,0,0.001,0,0.002,null,0.001,0.002,null,0,null,null,null,null,null,0,null,null,null,0,null,null,null,0,0.006,null,null,0,null,null,null,null,null,0,null,0.002,null,null,null,null,null,null,null,0,0.001,null,0,null,null,0,0.001,null,0.001,0,0,null,null,null,null,null,0,null,null,null,0.001,0,0,null,null,null,null,0.01,null,null,null,null,null,null,0,null,null,null,null,null,0,null,0.003,0,null,null,0.001,0.003,null,0,null,0,null,null,null,null,null,null,null,null,0.001,0.001,null,0.001,null,null,null,null,0,null,null,null,null
103,0,null,0,null,null,null,null,null,0,null,0,0.002,0,null,0.001,null,null,0.001,0.002,null,null,null,null,null,null,null,null,0,null,null,null,null,null,0,null,0.001,null,null,null,null,null,null,0,null,null,null,null,null,0,null,null,null,0.001,null,0.001,null,null,0,0,0,null,null,null,0.001,null,null,null,null,null,0.001,0.001,null,null,null,0,0.001,null,null,0,null,null,null,null,null,null,null,null,null,null,null,null,0.005,0,0,0.001,0,0.002,null,0.001,0.002,null,0,null,null,null,null,null,0,null,null,null,0,null,null,null,0,0.006,null,null,0,null,null,null,null,null,0,null,0.002,null,null,null,null,null,null,null,0,0.001,null,0,null,null,0,0.001,null,0.001,0,0,null,null,null,null,null,0,null,null,null,0.001,0,0,null,null,null,null,0.011,null,null,null,null,null,null,0,null,null,null,null,null,0,null,0.003,0,null,null,0.001,0.003,null,0,null,0,null,null,null,null,null,null,null,null,0.001,0.001,null,0.002,null,null,null,null,0,null,null,null,null
104,0,null,0,null,null,null,null,null,0,null,0,0.002,0,null,0.001,null,null,0.001,0.002,null,null,null,null,null,null,null,null,0,null,null,null,null,null,0,null,0.001,null,null,null,null,null,null,0,null,null,null,null,null,0,null,null,null,0.001,null,0.001,null,null,0,0,0,null,null,null,0.001,null,null,null,null,null,0.001,0.001,null,null,null,0,0.001,null,null,0,null,null,null,null,null,null,null,null,null,null,null,null,0.005,0,0,0.001,0,0.002,null,0.001,0.003,null,0,null,null,null,null,null,0,null,null,null,0,null,null,null,0,0.006,null,null,0,null,null,null,null,null,0,null,0.002,null,null,null,null,null,null,null,0,0.001,null,0,null,null,0,0.001,null,0.001,0,0,null,null,null,null,null,0,null,null,null,0.001,0,0,null,null,null,null,0.011,null,null,null,null,null,null,0,null,null,null,null,null,0,null,0.003,0,null,null,0.001,0.003,null,0,null,0,null,null,null,null,null,null,null,null,0.001,0.001,null,0.002,null,null,null,null,0,null,null,null,null
105,0,null,0,null,null,null,null,null,0,null,0,0.002,0,null,0.001,null,null,0.001,0.003,null,null,null,null,null,null,null,null,0,null,null,null,null,null,0,null,0.001,null,null,null,null,null,null,0,null,null,null,null,null,0,null,null,null,0.001,null,0.001,null,null,0,0,0,null,null,null,0.001,null,null,null,null,null,0.001,0.001,null,null,null,0,0.001,null,null,0,null,null,null,null,null,null,null,null,null,null,null,null,0.005,0,0,0.001,0,0.002,null,0.001,0.003,null,0,null,null,null,null,null,0,null,null,null,0,null,null,null,0,0.006,null,null,0,null,null,null,null,null,0,null,0.002,null,null,null,null,null,null,null,0,0.001,null,0,null,null,0,0.001,null,0.001,0,0,null,null,null,null,null,0,null,null,null,0.001,0,0,null,null,null,null,0.011,null,null,null,null,null,null,0,null,null,null,null,null,0,null,0.004,0,null,null,0.001,0.003,null,0,null,0,null,null,null,null,null,null,null,null,0.001,0.001,null,0.002,null,null,null,null,0,null,null,null,null
106,0,null,0,null,null,null,null,null,0.001,null,0,0.002,0,null,0.001,null,null,0.001,0.003,null,null,null,null,null,null,null,null,0,null,null,null,null,null,0,null,0.001,null,null,null,null,null,null,0,null,null,null,null,null,0,null,null,null,0.001,null,0.001,null,null,0,0.001,0,null,null,null,0.001,null,null,null,null,null,0.001,0.001,null,null,null,0,0.002,null,null,0,null,null,null,null,null,null,null,null,null,null,null,null,0.005,0,0,0.001,0,0.003,null,0.001,0.003,null,0,null,null,null,null,null,0,null,null,null,0,null,null,null,0.001,0.006,null,null,0,null,null,null,null,null,0,null,0.002,null,null,null,null,null,null,null,0,0.002,null,0,null,null,0,0.001,null,0.001,0,0,null,null,null,null,null,0,null,null,null,0.002,0,0,null,null,null,null,0.011,null,null,null,null,null,null,0.001,null,null,null,null,null,0,null,0.004,0,null,null,0.001,0.003,null,0,null,0,null,null,null,null,null,null,null,null,0.001,0.001,null,0.002,null,null,null,null,0,null,null,null,null
107,0,null,0,null,null,null,null,null,0.001,null,0,0.002,0,null,0.001,null,null,0.001,0.003,null,null,null,null,null,null,null,null,0,null,null,null,null,null,0,null,0.001,null,null,null,null,null,null,0,null,null,null,null,null,0,null,null,null,0.001,null,0.001,null,null,0.001,0.001,0,null,null,null,0.001,null,null,null,null,null,0.001,0.002,null,null,null,0,0.002,null,null,0,null,null,null,null,null,null,null,null,null,null,null,null,0.005,0,0,0.001,0,0.003,null,0.001,0.003,null,0,null,null,null,null,null,0,null,null,null,0,null,null,null,0.001,0.006,null,null,0,null,null,null,null,null,0,null,0.002,null,null,null,null,null,null,null,0,0.002,null,0,null,null,0,0.001,null,0.001,0,0,null,null,null,null,null,0,null,null,null,0.002,0,0,null,null,null,null,0.012,null,null,null,null,null,null,0.001,null,null,null,null,null,0,null,0.004,0,null,null,0.001,0.003,null,0,null,0,null,null,null,null,null,null,null,null,0.001,0.001,null,0.002,null,null,null,null,0,null,null,null,null
108,0,null,0,null,null,null,null,null,0.001,null,0,0.002,0,null,0.001,null,null,0.001,0.003,null,null,null,null,null,null,null,null,0,null,null,null,null,null,0,null,0.001,null,null,null,null,null,null,0,null,null,null,null,null,0,null,null,null,0.001,null,0.001,null,null,0.001,0.001,0,null,null,null,0.001,null,null,null,null,null,0.001,0.002,null,null,null,0,0.002,null,null,0,null,null,null,null,null,null,null,null,null,null,null,null,0.005,0,0,0.001,0,0.003,null,0.001,0.003,null,0,null,null,null,null,null,0,null,null,null,0,null,null,null,0.001,0.006,null,null,0,null,null,null,null,null,0,null,0.002,null,null,null,null,null,null,null,0,0.002,null,0,null,null,0,0.001,null,0.001,0,0,null,null,null,null,null,0,null,null,null,0.002,0,0,null,null,null,null,0.013,null,null,null,null,null,null,0.001,null,null,null,null,null,0,null,0.004,0,null,null,0.001,0.003,null,0,null,0,null,null,null,null,null,null,null,null,0.001,0.001,null,0.002,null,null,null,null,0,null,null,null,null
109,0,null,0,null,null,null,null,null,0.001,null,0,0.002,0,null,0.001,null,null,0.001,0.003,null,null,null,null,null,null,null,null,0,null,null,null,null,null,0,null,0.001,null,null,null,null,null,null,0,null,null,null,null,null,0,null,null,null,0.001,null,0.001,null,null,0.001,0.001,0,null,null,null,0.001,null,null,null,null,null,0.001,0.002,null,null,null,0,0.002,null,null,0,null,null,null,null,null,null,null,null,null,null,null,null,0.005,0,0,0.001,0,0.003,null,0.002,0.003,null,0,null,null,null,null,null,0,null,null,null,0,null,null,null,0.001,0.006,null,null,0,null,null,null,null,null,0,null,0.002,null,null,null,null,null,null,null,0,0.002,null,0,null,null,0,0.001,null,0.001,0,0,null,null,null,null,null,0,null,null,null,0.002,0,0,null,null,null,null,0.013,null,null,null,null,null,null,0.001,null,null,null,null,null,0,null,0.004,0,null,null,0.001,0.003,null,0,null,0,null,null,null,null,null,null,null,null,0.001,0.002,null,0.002,null,null,null,null,0,null,null,null,null
110,0,null,0,null,null,null,null,null,0.001,null,0,0.002,0,null,0.001,null,null,0.001,0.003,null,null,null,null,null,null,null,null,0,null,null,null,null,null,0,null,0.001,null,null,null,null,null,null,0,null,null,null,null,null,0,null,null,null,0.001,null,0.001,null,null,0.001,0.001,0,null,null,null,0.001,null,null,null,null,null,0.001,0.002,null,null,null,0,0.002,null,null,0,null,null,null,null,null,null,null,null,null,null,null,null,0.005,0,0,0.001,0,0.003,null,0.002,0.003,null,0,null,null,null,null,null,0,null,null,null,0,null,null,null,0.001,0.006,null,null,0,null,null,null,null,null,0,null,0.002,null,null,null,null,null,null,null,0,0.002,null,0,null,null,0,0.001,null,0.001,0,0,null,null,null,null,null,0,null,null,null,0.002,0,0,null,null,null,null,0.013,null,null,null,null,null,null,0.001,null,null,null,null,null,0,null,0.004,0,null,null,0.001,0.003,null,0,null,0,null,null,null,null,null,null,null,null,0.001,0.002,null,0.002,null,null,null,null,0,null,null,null,null
111,0,null,0,null,null,null,null,null,0.001,null,0,0.002,0,null,0.001,null,null,0.001,0.003,null,null,null,null,null,null,null,null,0,null,null,null,null,null,0,null,0.001,null,null,null,null,null,null,0,null,null,null,null,null,0,null,null,null,0.001,null,0.001,null,null,0.001,0.001,0,null,null,null,0.001,null,null,null,null,null,0.001,0.002,null,null,null,0,0.002,null,null,0,null,null,null,null,null,null,null,null,null,null,null,null,0.005,0,0,0.001,0,0.003,null,0.002,0.003,null,0,null,null,null,null,null,0.001,null,null,null,0,null,null,null,0.001,0.006,null,null,0,null,null,null,null,null,0,null,0.002,null,null,null,null,null,null,null,0,0.002,null,0,null,null,0,0.001,null,0.001,0,0,null,null,null,null,null,0,null,null,null,0.003,0,0,null,null,null,null,0.014,null,null,null,null,null,null,0.001,null,null,null,null,null,0,null,0.004,0,null,null,0.001,0.003,null,0,null,0,null,null,null,null,null,null,null,null,0.001,0.002,null,0.002,null,null,null,null,0,null,null,null,null
112,0,null,0,null,null,null,null,null,0.001,null,0,0.002,0,null,0.001,null,null,0.001,0.003,null,null,null,null,null,null,null,null,0,null,null,null,null,null,0,null,0.001,null,null,null,null,null,null,0,null,null,null,null,null,0,null,null,null,0.001,null,0.001,null,null,0.001,0.001,0,null,null,null,0.001,null,null,null,null,null,0.001,0.002,null,null,null,0,0.002,null,null,0,null,null,null,null,null,null,null,null,null,null,null,null,0.005,0,0,0.001,0,0.003,null,0.002,0.003,null,0,null,null,null,null,null,0.001,null,null,null,0,null,null,null,0,0.006,null,null,0,null,null,null,null,null,0,null,0.002,null,null,null,null,null,null,null,0,0.002,null,0,null,null,0,0.001,null,0.001,0,0,null,null,null,null,null,0,null,null,null,0.003,0,0,null,null,null,null,0.014,null,null,null,null,null,null,0.001,null,null,null,null,null,0,null,0.004,0,null,null,0.001,0.003,null,0,null,0,null,null,null,null,null,null,null,null,0.001,0.002,null,0.002,null,null,null,null,0,null,null,null,null
113,0,null,0,null,null,null,null,null,0.001,null,0,0.002,0,null,0.001,null,null,0.001,0.004,null,null,null,null,null,null,null,null,0,null,null,null,null,null,0,null,0.001,null,null,null,null,null,null,0,null,null,null,null,null,0,null,null,null,0.001,null,0.001,null,null,0.001,0.001,0,null,null,null,0.001,null,null,null,null,null,0.001,0.002,null,null,null,0,0.002,null,null,0,null,null,null,null,null,null,null,null,null,null,null,null,0.005,0,0,0.001,0,0.003,null,0.002,0.003,null,0,null,null,null,null,null,0.001,null,null,null,0,null,null,null,0,0.006,null,null,0,null,null,null,null,null,0,null,0.002,null,null,null,null,null,null,null,0,0.002,null,0,null,null,0,0.001,null,0.001,0,0,null,null,null,null,null,0,null,null,null,0.003,0,0,null,null,null,null,0.014,null,null,null,null,null,null,0.001,null,null,null,null,null,0,null,0.004,0,null,null,0.001,0.003,null,0,null,0,null,null,null,null,null,null,null,null,0.001,0.002,null,0.002,null,null,null,null,0,null,null,null,null
114,0,null,0,null,null,null,null,null,0.001,null,0,0.002,0,null,0.001,null,null,0.001,0.004,null,null,null,null,null,null,null,null,0,null,null,null,null,null,0,null,0.001,null,null,null,null,null,null,0,null,null,null,null,null,0,null,null,null,0.001,null,0.001,null,null,0.001,0.001,0,null,null,null,0.001,null,null,null,null,null,0.001,0.002,null,null,null,0,0.002,null,null,0,null,null,null,null,null,null,null,null,null,null,null,null,0.005,0,0,0.001,0,0.004,null,0.002,0.003,null,0,null,null,null,null,null,0.001,null,null,null,0,null,null,null,0,0.006,null,null,0,null,null,null,null,null,0,null,0.002,null,null,null,null,null,null,null,null,0.002,null,0,null,null,0,0.001,null,0.001,0,0,null,null,null,null,null,0,null,null,null,0.003,0.001,0,null,null,null,null,0.014,null,null,null,null,null,null,0.002,null,null,null,null,null,0,null,0.004,0,null,null,0.002,0.003,null,0,null,0,null,null,null,null,null,null,null,null,0.001,0.002,null,0.003,null,null,null,null,0,null,null,null,null
115,0,null,0,null,null,null,null,null,0.001,null,0,0.002,0,null,0.001,null,null,0.001,0.004,null,null,null,null,null,null,null,null,0,null,null,null,null,null,0,null,0.001,null,null,null,null,null,null,0,null,null,null,null,null,0,null,null,null,0.001,null,0.001,null,null,0.001,0.001,0,null,null,null,0.001,null,null,null,null,null,0.001,0.002,null,null,null,0,0.002,null,null,0,null,null,null,null,null,null,null,null,null,null,null,null,0.005,0,0,0.001,0,0.004,null,0.002,0.003,null,0,null,null,null,null,null,0.001,null,null,null,0,null,null,null,0.001,0.006,null,null,0,null,null,null,null,null,0,null,null,null,null,null,null,null,null,null,null,0.002,null,0,null,null,0,0.001,null,0.001,0,0,null,null,null,null,null,0,null,null,null,0.004,0.001,0,null,null,null,null,0.015,null,null,null,null,null,null,0.002,null,null,null,null,null,0,null,0.004,0,null,null,0.002,0.003,null,0,null,0,null,null,null,null,null,null,null,null,0.001,0.002,null,0.003,null,null,null,null,0,null,null,null,null
116,0,null,0,null,null,null,null,null,0.001,null,0,0.002,0,null,0.002,null,null,0.002,0.004,null,null,null,null,null,null,null,null,0,null,null,null,null,null,0,null,0.001,null,null,null,null,null,null,0,null,null,null,null,null,0,null,null,null,0.001,null,0.001,null,null,0.001,0.001,0,null,null,null,0.001,null,null,null,null,null,0.001,0.002,null,null,null,0,0.002,null,null,0,null,null,null,null,null,null,null,null,null,null,null,null,0.005,0,0,0.001,0,0.004,null,0.002,0.003,null,0,null,null,null,null,null,0.001,null,null,null,0,null,null,null,0.001,0.006,null,null,0,null,null,null,null,null,0,null,null,null,null,null,null,null,null,null,null,0.002,null,0,null,null,null,0.001,null,0.001,0,0,null,null,null,null,null,0,null,null,null,0.004,0.001,0,null,null,null,null,0.015,null,null,null,null,null,null,0.002,null,null,null,null,null,0,null,0.004,0,null,null,0.002,0.003,null,0,null,0,null,null,null,null,null,null,null,null,0.001,0.002,null,0.003,null,null,null,null,0,null,null,null,null
117,null,null,0,null,null,null,null,null,0.001,null,0,0.002,0,null,0.002,null,null,0.002,0.004,null,null,null,null,null,null,null,null,0,null,null,null,null,null,0,null,0.001,null,null,null,null,null,null,0,null,null,null,null,null,0,null,null,null,0.001,null,0.001,null,null,0.001,0.001,0,null,null,null,0.001,null,null,null,null,null,0.001,0.002,null,null,null,0,0.002,null,null,0,null,null,null,null,null,null,null,null,null,null,null,null,0.005,0,0,0.001,0,0.004,null,0.002,0.003,null,0,null,null,null,null,null,0.001,null,null,null,0,null,null,null,0.001,0.006,null,null,0,null,null,null,null,null,0,null,null,null,null,null,null,null,null,null,null,0.002,null,0,null,null,null,0.001,null,0.001,0,0,null,null,null,null,null,0,null,null,null,0.004,0.001,0,null,null,null,null,0.015,null,null,null,null,null,null,0.002,null,null,null,null,null,0,null,0.004,0,null,null,0.002,0.003,null,0,null,0,null,null,null,null,null,null,null,null,0.001,0.002,null,0.003,null,null,null,null,0,null,null,null,null
118,null,null,0,null,null,null,null,null,null,null,0,0.002,0,null,0.002,null,null,0.002,0.004,null,null,null,null,null,null,null,null,0,null,null,null,null,null,null,null,0.001,null,null,null,null,null,null,0,null,null,null,null,null,0.001,null,null,null,0.001,null,0.001,null,null,null,0.001,0,null,null,null,0.001,null,null,null,null,null,0.001,0.002,null,null,null,0,0.002,null,null,0,null,null,null,null,null,null,null,null,null,null,null,null,0.005,0,0,0.001,0,0.004,null,0.002,0.003,null,0,null,null,null,null,null,0.001,null,null,null,0,null,null,null,null,0.006,null,null,0,null,null,null,null,null,0,null,null,null,null,null,null,null,null,null,null,0.002,null,null,null,null,null,null,null,0.001,0.001,0,null,null,null,null,null,0,null,null,null,0.005,0.001,0.001,null,null,null,null,0.016,null,null,null,null,null,null,0.002,null,null,null,null,null,0,null,0.004,null,null,null,0.002,0.003,null,0,null,0,null,null,null,null,null,null,null,null,0.001,0.002,null,0.003,null,null,null,null,0,null,null,null,null
119,null,null,0,null,null,null,null,null,null,null,0,0.002,0,null,0.002,null,null,null,0.004,null,null,null,null,null,null,null,null,0,null,null,null,null,null,null,null,0.001,null,null,null,null,null,null,0,null,null,null,null,null,0.001,null,null,null,0.001,null,0.001,null,null,null,0.002,0,null,null,null,0.001,null,null,null,null,null,0.001,0.002,null,null,null,0,0.002,null,null,0,null,null,null,null,null,null,null,null,null,null,null,null,0.005,0,0,0.001,0,0.004,null,0.002,0.003,null,0,null,null,null,null,null,0.001,null,null,null,0,null,null,null,null,0.006,null,null,0,null,null,null,null,null,null,null,null,null,null,null,null,null,null,null,null,0.002,null,null,null,null,null,null,null,0.001,0.001,0,null,null,null,null,null,0,null,null,null,0.005,0.001,0.001,null,null,null,null,0.016,null,null,null,null,null,null,0.002,null,null,null,null,null,0,null,0.004,null,null,null,0.002,0.003,null,0,null,0,null,null,null,null,null,null,null,null,0.001,0.002,null,0.003,null,null,null,null,0,null,null,null,null
120,null,null,0,null,null,null,null,null,null,null,0,0.002,null,null,0.002,null,null,null,0.004,null,null,null,null,null,null,null,null,0,null,null,null,null,null,null,null,0.001,null,null,null,null,null,null,0,null,null,null,null,null,0.001,null,null,null,0.001,null,0.002,null,null,null,0.002,0,null,null,null,0.001,null,null,null,null,null,0.001,0.002,null,null,null,0,0.002,null,null,0,null,null,null,null,null,null,null,null,null,null,null,null,0.005,0,null,0.001,0,0.004,null,0.002,0.003,null,0,null,null,null,null,null,0.001,null,null,null,0,null,null,null,null,null,null,null,0,null,null,null,null,null,null,null,null,null,null,null,null,null,null,null,null,0.002,null,null,null,null,null,null,null,0.001,0.001,0,null,null,null,null,null,0,null,null,null,0.005,0.001,0.001,null,null,null,null,0.016,null,null,null,null,null,null,0.003,null,null,null,null,null,0,null,0.005,null,null,null,0.002,0.003,null,0,null,null,null,null,null,null,null,null,null,null,0.001,0.002,null,0.003,null,null,null,null,0,null,null,null,null
121,null,null,0,null,null,null,null,null,null,null,0,0.002,null,null,0.002,null,null,null,0.004,null,null,null,null,null,null,null,null,0,null,null,null,null,null,null,null,0.001,null,null,null,null,null,null,0,null,null,null,null,null,0.001,null,null,null,0.001,null,0.002,null,null,null,0.002,0,null,null,null,0.001,null,null,null,null,null,0.001,0.002,null,null,null,0,0.002,null,null,0,null,null,null,null,null,null,null,null,null,null,null,null,0.005,0,null,0.001,0,0.004,null,0.002,0.003,null,0,null,null,null,null,null,0.001,null,null,null,0,null,null,null,null,null,null,null,0,null,null,null,null,null,null,null,null,null,null,null,null,null,null,null,null,0.002,null,null,null,null,null,null,null,0.001,null,0,null,null,null,null,null,0,null,null,null,0.005,0.001,0.001,null,null,null,null,0.017,null,null,null,null,null,null,0.003,null,null,null,null,null,0,null,0.005,null,null,null,0.002,0.003,null,0,null,null,null,null,null,null,null,null,null,null,null,0.002,null,0.003,null,null,null,null,0,null,null,null,null
122,null,null,null,null,null,null,null,null,null,null,0,0.002,null,null,0.002,null,null,null,0.004,null,null,null,null,null,null,null,null,0,null,null,null,null,null,null,null,0.001,null,null,null,null,null,null,0,null,null,null,null,null,0.001,null,null,null,0.001,null,0.002,null,null,null,null,0,null,null,null,null,null,null,null,null,null,0.001,0.002,null,null,null,0,0.002,null,null,0,null,null,null,null,null,null,null,null,null,null,null,null,0.005,0,null,0.001,0,0.004,null,0.002,0.003,null,0,null,null,null,null,null,0.001,null,null,null,0,null,null,null,null,null,null,null,0,null,null,null,null,null,null,null,null,null,null,null,null,null,null,null,null,0.002,null,null,null,null,null,null,null,0.001,null,null,null,null,null,null,null,0,null,null,null,0.006,0.001,0.001,null,null,null,null,0.017,null,null,null,null,null,null,0.003,null,null,null,null,null,0,null,0.005,null,null,null,0.002,0.003,null,0,null,null,null,null,null,null,null,null,null,null,null,0.002,null,0.003,null,null,null,null,0,null,null,null,null
123,null,null,null,null,null,null,null,null,null,null,0,0.002,null,null,0.002,null,null,null,0.004,null,null,null,null,null,null,null,null,0,null,null,null,null,null,null,null,0.001,null,null,null,null,null,null,0,null,null,null,null,null,0.001,null,null,null,0.001,null,0.002,null,null,null,null,null,null,null,null,null,null,null,null,null,null,null,0.002,null,null,null,0,0.002,null,null,0,null,null,null,null,null,null,null,null,null,null,null,null,0.005,0,null,0.001,0,0.004,null,0.002,0.003,null,0,null,null,null,null,null,0.001,null,null,null,null,null,null,null,null,null,null,null,0,null,null,null,null,null,null,null,null,null,null,null,null,null,null,null,null,0.002,null,null,null,null,null,null,null,0.001,null,null,null,null,null,null,null,null,null,null,null,null,0.001,0.001,null,null,null,null,0.017,null,null,null,null,null,null,0.003,null,null,null,null,null,0,null,0.005,null,null,null,0.002,0.003,null,0,null,null,null,null,null,null,null,null,null,null,null,0.003,null,0.003,null,null,null,null,null,null,null,null,null
124,null,null,null,null,null,null,null,null,null,null,0,0.002,null,null,0.002,null,null,null,0.004,null,null,null,null,null,null,null,null,0,null,null,null,null,null,null,null,0.001,null,null,null,null,null,null,0,null,null,null,null,null,null,null,null,null,0.001,null,0.002,null,null,null,null,null,null,null,null,null,null,null,null,null,null,null,0.002,null,null,null,null,0.002,null,null,0,null,null,null,null,null,null,null,null,null,null,null,null,0.005,0,null,0.001,0,0.004,null,null,0.003,null,0,null,null,null,null,null,null,null,null,null,null,null,null,null,null,null,null,null,0,null,null,null,null,null,null,null,null,null,null,null,null,null,null,null,null,0.002,null,null,null,null,null,null,null,0.001,null,null,null,null,null,null,null,null,null,null,null,null,0.001,0.001,null,null,null,null,0.017,null,null,null,null,null,null,0.003,null,null,null,null,null,0,null,0.005,null,null,null,0.002,0.003,null,0,null,null,null,null,null,null,null,null,null,null,null,0.003,null,0.003,null,null,null,null,null,null,null,null,null
125,null,null,null,null,null,null,null,null,null,null,0,0.002,null,null,0.002,null,null,null,0.004,null,null,null,null,null,null,null,null,0,null,null,null,null,null,null,null,0.002,null,null,null,null,null,null,0,null,null,null,null,null,null,null,null,null,0.001,null,0.002,null,null,null,null,null,null,null,null,null,null,null,null,null,null,null,0.002,null,null,null,null,0.002,null,null,null,null,null,null,null,null,null,null,null,null,null,null,null,0.005,0,null,0.001,null,null,null,null,0.003,null,0,null,null,null,null,null,null,null,null,null,null,null,null,null,null,null,null,null,0,null,null,null,null,null,null,null,null,null,null,null,null,null,null,null,null,0.002,null,null,null,null,null,null,null,0.001,null,null,null,null,null,null,null,null,null,null,null,null,null,0.001,null,null,null,null,0.017,null,null,null,null,null,null,0.003,null,null,null,null,null,0,null,0.005,null,null,null,0.002,0.003,null,null,null,null,null,null,null,null,null,null,null,null,null,0.003,null,0.003,null,null,null,null,null,null,null,null,null
126,null,null,null,null,null,null,null,null,null,null,0,0.002,null,null,null,null,null,null,0.004,null,null,null,null,null,null,null,null,0,null,null,null,null,null,null,null,0.002,null,null,null,null,null,null,0,null,null,null,null,null,null,null,null,null,0.001,null,0.002,null,null,null,null,null,null,null,null,null,null,null,null,null,null,null,0.002,null,null,null,null,0.002,null,null,null,null,null,null,null,null,null,null,null,null,null,null,null,0.005,null,null,0.001,null,null,null,null,0.003,null,0,null,null,null,null,null,null,null,null,null,null,null,null,null,null,null,null,null,null,null,null,null,null,null,null,null,null,null,null,null,null,null,null,null,null,0.002,null,null,null,null,null,null,null,0.001,null,null,null,null,null,null,null,null,null,null,null,null,null,0.001,null,null,null,null,null,null,null,null,null,null,null,0.003,null,null,null,null,null,0,null,null,null,null,null,0.002,0.004,null,null,null,null,null,null,null,null,null,null,null,null,null,0.003,null,0.004,null,null,null,null,null,null,null,null,null
